name,gram,calorie,carbohydrate,protein,fat,saturatedfat,unsaturatedfat,cholesterol,sodium,potash,ingredient,allergy
순두부,400,250,10,20,15,2,10,0,800,300,"두부, 야채, 고추기름",땅콩/대두
비빔밥,500,550,80,20,15,3,10,50,1000,700,"밥, 나물, 고기, 고추장","땅콩/대두, 밀, 달걀"
삼계탕,600,800,10,60,50,15,25,150,1200,500,"닭고기, 인삼, 대추, 마늘",고기
불고기백반,500,700,50,35,30,10,15,80,1000,600,"쇠고기, 양파, 간장, 설탕","땅콩/대두, 밀, 고기"
갈치조림,400,600,20,40,30,8,15,100,900,500,"갈치, 무, 고추장, 간장","갑각류, 땅콩/대두"
매운맛탕수육(소),300,700,60,25,40,10,20,80,800,400,"돼지고기, 전분, 고추, 소스","고기, 밀, 땅콩/대두"
고추간짜장,400,650,80,15,25,5,15,50,1000,300,"면, 돼지고기, 고추, 간장","밀, 고기, 땅콩/대두"
탕수육(소),300,650,50,20,35,8,18,70,700,350,"돼지고기, 전분, 소스","고기, 밀, 땅콩/대두"
깐풍기(소),300,750,40,30,45,10,20,90,900,400,"닭고기, 마늘, 고추, 간장","고기, 땅콩/대두, 밀"
삼선짬뽕,600,800,90,30,30,8,15,100,1500,500,"면, 해물, 야채, 고추기름","갑각류, 밀, 땅콩/대두"
고추짜장,400,600,85,10,20,5,10,30,900,300,"면, 고추, 간장, 돼지고기","밀, 고기, 땅콩/대두"
전가복(소),400,900,40,40,50,15,25,120,1000,600,"해산물, 야채, 소스","갑각류, 땅콩/대두"
홍소탕면,500,700,80,20,25,6,12,60,1100,400,"면, 소고기, 야채, 간장","밀, 땅콩/대두, 고기"
딸기빙수,350,450,70,5,15,10,3,20,100,200,"얼음, 딸기, 연유, 팥",우유
버터&잼와플,200,500,60,8,25,15,5,50,300,150,"밀가루, 버터, 잼","밀, 우유"
카라멜라떼,300,350,40,8,15,10,3,30,150,200,"우유, 커피, 카라멜시럽",우유
바닐라라떼,300,330,35,8,12,9,2,25,140,190,"우유, 커피, 바닐라시럽",우유
카페라떼,300,280,30,9,10,7,2,20,130,200,"우유, 커피",우유
헤이즐넛아메리카노,300,50,8,0,0,0,0,0,10,200,"커피, 헤이즐넛시럽",NULL
아메리카노,300,10,0,0,0,0,0,0,10,200,"커피",NULL
에그버거,250,550,45,20,30,10,15,120,800,300,"계란, 빵, 소스","달걀, 밀, 땅콩/대두"
불고기버거,250,600,50,22,35,12,15,80,900,300,"쇠고기, 빵, 양파, 소스","밀, 땅콩/대두, 고기"
커피쉐이크,350,400,50,10,15,10,3,50,150,200,"우유, 커피, 아이스크림",우유
청포도에이드,350,250,60,0,0,0,0,0,30,100,"청포도시럽, 탄산수",NULL
베리베리에이드,350,250,60,0,0,0,0,0,30,100,"베리믹스시럽, 탄산수",NULL
요크셔밀크티,300,300,35,6,12,8,3,30,150,200,"홍차, 우유, 설탕",우유
특삼겹 너덜이,400,300,30,20,15,5,10,50,800,300,"삼겹살",고기
일삼꼬들,400,300,30,20,15,5,10,50,800,300,"삼겹살",고기
한방껍데기,400,300,30,20,15,5,10,50,800,300,"돼지껍데기, 한방재료",고기
모듬스페셜,400,300,30,20,15,5,10,50,800,300,"삼겹살, 항정살, 갈매기살",고기
생오겹,400,300,30,20,15,5,10,50,800,300,"오겹살",고기
생삼겹살,400,300,30,20,15,5,10,50,800,300,"삼겹살",고기
통갈매기살,400,300,30,20,15,5,10,50,800,300,"갈매기살",고기
항정살,400,300,30,20,15,5,10,50,800,300,"항정살",고기
대구막창,400,300,30,20,15,5,10,50,800,300,"돼지막창",고기
양념돼지갈비,400,300,30,20,15,5,10,50,800,300,"돼지고기, 양념장(간장, 설탕, 마늘)",고기
차돌된장밥,400,300,30,20,15,5,10,50,800,300,"밥, 차돌박이, 된장, 야채",땅콩/대두
순두부찌개,400,300,30,20,15,5,10,50,800,300,"순두부, 야채, 고추기름",땅콩/대두
차돌 된장찌개,400,300,30,20,15,5,10,50,800,300,"차돌박이, 된장, 야채",땅콩/대두
생고기김치찌개,400,300,30,20,15,5,10,50,800,300,"돼지고기, 김치, 고추가루",NULL
치즈 계란말이,400,300,30,20,15,5,10,50,800,300,"계란, 치즈",달걀
삼정프렌치토스트,400,300,30,20,15,5,10,50,800,300,"식빵, 계란, 우유, 시럽","달걀, 우유"
토마토스튜,400,300,30,20,15,5,10,50,800,300,"토마토, 야채, 올리브오일",NULL
스탠다드샌드위치,400,300,30,20,15,5,10,50,800,300,"식빵, 햄, 치즈, 야채","밀, 우유"
베이직프렌치토스트,400,300,30,20,15,5,10,50,800,300,"식빵, 계란, 우유","달걀, 우유"
삼정플레이트,400,300,30,20,15,5,10,50,800,300,"계란, 베이컨, 빵, 야채","달걀, 밀"
아이스크림 프렌치토스트,400,300,30,20,15,5,10,50,800,300,"식빵, 계란, 우유, 아이스크림","우유, 달걀"
바나나푸딩토스트,400,300,30,20,15,5,10,50,800,300,"식빵, 바나나, 푸딩, 우유",우유
트리플치즈프렌치토스트,400,300,30,20,15,5,10,50,800,300,"식빵, 치즈, 우유, 계란","우유, 달걀"
잠봉프렌치토스트,400,300,30,20,15,5,10,50,800,300,"식빵, 잠봉, 계란, 우유","달걀, 우유"
쫄면순두부,400,300,30,20,15,5,10,50,800,300,"쫄면, 순두부, 야채","땅콩/대두"
돈가스+쫄순,400,300,30,20,15,5,10,50,800,300,"돈가스, 쫄면, 소스","밀, 땅콩/대두"
치킨+돈가스+쫄순,400,300,30,20,15,5,10,50,800,300,"치킨가스, 돈가스, 쫄면","밀, 땅콩/대두"
쫄순+치즈알밥,400,300,30,20,15,5,10,50,800,300,"쫄면, 치즈, 알밥","우유"
돈가스+냉면,400,300,30,20,15,5,10,50,800,300,"돈가스, 냉면","밀, 땅콩/대두"
돈가스+순두부,400,300,30,20,15,5,10,50,800,300,"돈가스, 순두부","땅콩/대두"
치킨가스+냉면,400,300,30,20,15,5,10,50,800,300,"치킨가스, 냉면","밀, 땅콩/대두"
치킨가스+쫄순,400,300,30,20,15,5,10,50,800,300,"치킨가스, 쫄면","밀, 땅콩/대두"
냉면+치즈알밥,400,300,30,20,15,5,10,50,800,300,"냉면, 치즈, 알밥","우유"
돈가스,400,300,30,20,15,5,10,50,800,300,"돈가스","밀, 땅콩/대두"
김치볶음밥,400,300,30,20,15,5,10,50,800,300,"밥, 김치, 계란","달걀"
오므라이스,400,300,30,20,15,5,10,50,800,300,"밥, 계란, 케첩","달걀"
제육덮밥,400,300,30,20,15,5,10,50,800,300,"돼지고기, 밥, 고추장","고기"
알밥,400,300,30,20,15,5,10,50,800,300,"날치알, 밥, 야채",NULL
치즈알밥,400,300,30,20,15,5,10,50,800,300,"날치알, 밥, 치즈","우유"
지못미버거,400,300,30,20,15,5,10,50,800,300,"버거패티, 빵, 소스","밀, 땅콩/대두"
더블버거,400,300,30,20,15,5,10,50,800,300,"버거패티, 빵, 소스","밀, 땅콩/대두"
에그뿜뿜,400,300,30,20,15,5,10,50,800,300,"버거패티, 빵, 계란","밀, 땅콩/대두, 달걀"
하와이안버거,400,300,30,20,15,5,10,50,800,300,"버거패티, 빵, 파인애플","밀, 땅콩/대두"
싱글버거,400,300,30,20,15,5,10,50,800,300,"버거패티, 빵","밀, 땅콩/대두"
된장찌개,400,300,30,20,15,5,10,50,800,300,"된장, 두부, 야채","땅콩/대두"
김치찌개,400,300,30,20,15,5,10,50,800,300,"김치, 돼지고기, 두부","고기, 땅콩/대두"
동태찌개,400,300,30,20,15,5,10,50,800,300,"동태, 두부, 야채","생선, 땅콩/대두"
부대찌개,400,300,30,20,15,5,10,50,800,300,"햄, 소시지, 야채, 두부","땅콩/대두, 고기"
북어찜백반,400,300,30,20,15,5,10,50,800,300,"북어, 야채, 고추장","생선"
돌솥비빔밥,400,300,30,20,15,5,10,50,800,300,"밥, 나물, 고기, 계란","달걀, 땅콩/대두"
비빔밥,400,300,30,20,15,5,10,50,800,300,"밥, 나물, 고기, 계란","달걀, 땅콩/대두"
소한마리(미국산) 1kg,1000,3000,0,250,250,100,120,500,800,300,"소고기","고기"
소반마리(미국산) 500 g,500,1500,0,125,125,50,60,250,400,150,"소고기","고기"
소반+돼반 1kg,1000,2800,0,200,230,90,110,450,700,300,"소고기, 돼지고기","고기"
국내산숙성등심 200 g,200,700,0,40,60,25,30,120,200,100,"소고기","고기"
갈비살 200 g,200,700,0,40,60,25,30,120,200,100,"소고기","고기"
우삼겹 200 g,200,750,0,35,70,30,35,130,250,100,"소고기","고기"
육회 200 g,200,500,0,40,35,12,20,120,150,80,"소고기, 참기름, 배","고기"
육회 소 100 g,100,250,0,20,17,6,10,60,80,50,"소고기, 참기름, 배","고기"
돼지한마리 1kg,1000,3200,0,180,300,110,150,800,700,300,"돼지고기","고기"
돼지반마리 500 g,500,1600,0,90,150,55,75,400,350,150,"돼지고기","고기"
국내산 생삼겹 200 g,200,720,0,28,65,25,30,200,150,80,"돼지고기","고기"
국내산 오겹살 200 g,200,720,0,28,65,25,30,200,150,80,"돼지고기","고기"
항정살 200 g,200,750,0,30,68,27,30,220,150,80,"돼지고기","고기"
생목살 200 g,200,700,0,28,60,24,30,200,150,80,"돼지고기","고기"
돼지양념구이 300 g,300,950,20,40,65,25,35,250,300,120,"돼지고기, 양념장","고기, 땅콩/대두"
빠가+메기 특대,1000,1400,20,160,30,6,20,400,1500,600,"빠가사리, 메기, 야채, 고추","생선"
빠가사리 특,800,1100,20,130,25,5,18,300,1200,500,"빠가사리, 야채, 고추","생선"
메기 특,700,1000,15,120,22,4,18,280,1100,400,"메기, 야채, 고추","생선"
빙어튀김,400,900,50,20,40,12,20,100,700,300,"빙어, 튀김가루","생선, 밀"
후라이드치킨,800,2200,50,150,150,40,60,400,1400,600,"닭고기, 튀김가루","고기, 밀"
매콤 양념치킨,800,2400,80,150,160,50,65,420,1600,600,"닭고기, 양념소스, 튀김가루","고기, 밀, 땅콩/대두"
골뱅이 국수,500,900,80,20,30,6,18,100,1200,400,"골뱅이, 소면, 야채","조개류, 밀"
부산오뎅탕,500,450,20,25,15,4,8,80,900,400,"어묵, 국물, 야채","어류, 땅콩/대두"
닭모래집,300,500,10,50,25,7,12,150,600,250,"닭모래집, 마늘","고기"
소곱창 (1인분),200,600,5,40,50,20,20,250,900,300,"소곱창, 양념","고기"
대창 (1인분),200,700,5,30,65,25,25,300,850,300,"소대창, 양념","고기"
염통 (1인분),200,500,5,40,35,12,18,200,750,250,"소염통, 양념","고기"
맑은 소뼈해장국,600,500,5,40,25,8,10,150,800,400,"소뼈, 대파, 마늘","고기"
얼큰 소뼈해장국,600,550,10,40,25,8,10,150,900,400,"소뼈, 고추, 대파","고기"
보양곰탕,700,600,5,50,30,10,12,160,850,400,"소고기, 대파, 마늘","고기"
한우곱창국밥,600,550,10,35,35,12,13,180,850,400,"한우곱창, 밥, 대파","고기"
한우곱창전골 (대),1000,1200,20,80,70,20,30,200,1300,600,"한우곱창, 야채, 고추","고기"
한우곱창전골 (중),700,850,15,60,50,15,20,180,900,400,"한우곱창, 야채, 고추","고기"
소뼈구이 (1인),200,600,5,40,45,15,20,250,700,250,"소뼈, 소금","고기"
오징어양볶음,400,700,30,35,25,7,15,100,1200,400,"오징어, 야채, 고추","생선"
육회 (국내산),200,500,0,40,30,10,15,150,300,150,"소고기, 참기름, 배","고기"
한우떡갈비 (한접시),400,900,10,40,50,20,25,180,800,300,"소고기, 떡갈비 양념","고기, 땅콩/대두"
한우떡갈비 (반접시),200,450,5,20,25,10,12,90,400,150,"소고기, 떡갈비 양념","고기, 땅콩/대두"
홍어사시미,300,400,0,40,15,4,8,200,700,300,"홍어, 초장","생선"
묵은지생삼겹,400,800,20,40,60,20,25,250,900,400,"삼겹살, 묵은지","고기"
묵은지감자탕 대,1200,1500,30,90,60,20,30,200,1800,700,"돼지고기, 묵은지, 감자","고기"
우거지감자탕 대,1200,1400,30,85,55,18,27,180,1700,700,"돼지고기, 우거지, 감자","고기"
묵은지 생고기찜,800,1300,20,70,50,18,25,200,1000,500,"돼지고기, 묵은지","고기"
들깨 묵은지 생고기찜,800,1250,20,70,45,15,25,200,950,500,"돼지고기, 묵은지, 들깨","고기"
우거지뼈해장국,600,550,10,40,30,10,12,150,850,400,"돼지뼈, 우거지","고기"
청국장,400,400,20,25,20,5,10,60,900,300,"청국장, 두부, 야채","땅콩/대두"
제육볶음,400,750,30,40,45,15,20,180,1000,400,"돼지고기, 고추장, 야채","고기, 땅콩/대두"
김치찌개,500,600,20,25,30,8,15,150,900,400,"김치, 돼지고기","고기, 땅콩/대두"
돼지 된장찌개,500,600,15,20,25,7,12,120,850,400,"된장, 돼지고기, 야채","땅콩/대두, 고기"
바지락 된장찌개,500,550,15,15,20,5,10,110,800,400,"바지락, 된장, 야채","갑각류, 땅콩/대두"
삼겹살 돼지 된장찌개,500,650,15,25,30,8,12,140,900,400,"삼겹살, 된장, 야채","고기, 땅콩/대두"
삼겹살 바지락 된장찌개,500,650,15,25,30,8,12,140,900,400,"삼겹살, 바지락, 된장, 야채","고기, 갑각류, 땅콩/대두"
전통육개장,500,600,15,40,30,8,15,150,900,400,"소고기, 대파, 고사리","고기"
떡정식,600,700,100,15,10,2,5,40,600,300,"떡, 국, 반찬류","땅콩/대두"
해물순두부,500,550,15,30,25,7,10,120,950,400,"해물, 순두부","갑각류, 땅콩/대두"
런치코스,1000,1300,40,80,50,15,25,200,1500,600,"한식 반찬, 메인요리","고기, 땅콩/대두"
전복장비빔밥,600,700,80,30,20,5,12,100,1000,500,"전복, 밥, 야채","갑각류"
셋더함한식코스,1200,1600,50,90,60,18,30,220,1700,700,"한식 반찬, 메인요리","고기, 땅콩/대두"
새우장정식,600,700,20,40,30,10,15,200,1200,500,"새우장, 밥, 반찬","갑각류"
차돌편채,300,500,10,25,30,8,10,150,700,300,"차돌박이, 야채","고기"
생선구이,300,400,5,25,20,5,8,120,600,250,"생선, 소금","생선"
더함 샐러드,250,300,20,10,15,2,8,20,400,200,"야채, 드레싱","NULL"
고추장맥적,400,600,20,40,35,10,12,180,800,350,"돼지고기, 고추장","고기, 땅콩/대두"
맥정식,700,900,25,50,40,12,18,200,1200,500,"밥, 반찬, 메인요리","고기, 땅콩/대두"
둘더함한식코스,1500,1900,50,100,60,18,30,250,1800,700,"한식 반찬, 메인요리","고기, 땅콩/대두"
와우홀릭세트(2인용 세트),800,1300,150,40,30,8,12,150,1200,400,"떡볶이, 튀김, 음료","밀, 땅콩/대두"
와우떡볶이(밀떡+조랭이떡),500,800,120,15,20,5,10,80,850,350,"밀떡, 조랭이떡, 고추장","밀, 땅콩/대두"
혼떡만찬세트(인원수대로),1000,1600,200,50,40,10,15,200,1500,500,"떡볶이, 튀김, 음료","밀, 땅콩/대두"
한방족발,600,1000,10,70,70,20,30,200,1400,600,"족발, 한방양념","고기"
보쌈,600,900,5,60,60,18,28,180,1300,550,"수육, 김치","고기"
매운족발,600,1000,20,70,60,18,30,200,1500,600,"족발, 매운양념","고기"
반반족발,600,1000,15,70,60,18,30,200,1450,600,"족발, 양념","고기"
막국수(소),350,450,70,8,10,2,5,50,700,250,"메밀면, 야채, 양념장","땅콩/대두"
막국수(대),500,600,100,12,15,3,8,60,800,300,"메밀면, 야채, 양념장","땅콩/대두"
고기녹두전,400,700,40,20,40,10,18,120,900,400,"녹두, 돼지고기","고기, 땅콩/대두"
골뱅이소면,400,600,50,25,20,5,8,100,800,400,"골뱅이, 소면, 양념","갑각류, 밀"
주먹밥,250,400,60,10,10,2,5,40,500,200,"밥, 김, 양념","NULL"
매운족발 미니,300,500,15,35,30,10,12,120,750,300,"족발, 매운양념","고기"
냉묵사발,350,300,50,5,5,1,2,30,400,200,"묵, 국물, 오이","NULL"
잔치국수,400,400,70,10,10,2,5,50,700,250,"면, 국물, 김","밀"
미니족발 포장판매,400,700,10,50,45,14,25,150,900,400,"족발","고기"
A코스,1500,2000,50,120,90,25,30,250,1800,700,"회, 구이, 요리, 반찬","해산물, 고기"
B코스,2000,2600,60,160,110,30,35,280,2000,800,"회, 구이, 요리, 반찬","해산물, 고기"
C코스,2500,3200,70,200,130,35,40,300,2200,900,"회, 구이, 요리, 반찬","해산물, 고기"
활어모듬 대,800,900,0,100,20,5,10,200,800,400,"광어, 우럭, 해산물","생선"
활어모듬 중,600,700,0,75,15,4,8,150,700,350,"광어, 우럭, 해산물","생선"
광어 대,700,850,0,90,15,5,10,180,800,400,"광어","생선"
광어 중,500,600,0,65,12,4,8,140,700,350,"광어","생선"
우럭 대,700,850,0,85,15,5,10,180,800,400,"우럭","생선"
우럭 중,500,600,0,60,12,4,8,140,700,350,"우럭","생선"
놀래미,600,700,0,75,15,5,10,150,750,350,"놀래미","생선"
농어,600,700,0,80,15,5,10,150,800,350,"농어","생선"
도다리/멍게/해삼/감성돔/참돔,800,950,0,100,15,5,10,200,850,400,"도다리, 멍게, 해삼, 감성돔, 참돔","해산물, 생선"
해물볶음,700,900,30,60,40,12,20,200,1000,500,"해물, 야채, 고추","갑각류, 땅콩/대두"
낙지,600,850,20,55,35,10,15,180,900,400,"낙지","갑각류"
홈메뉴(DIY) 5인분,1000,2000,300,100,80,20,30,250,2500,800,"떡, 어묵, 순대, 김밥 재료","밀, 땅콩/대두"
튀김세트,400,900,70,20,50,12,20,80,800,300,"오징어, 김말이, 고추튀김","밀, 갑각류"
순대세트,400,800,50,20,40,12,18,100,700,300,"순대, 쌈장, 간","돼지고기, 땅콩/대두"
김밥세트,400,700,80,20,20,5,10,60,600,300,"김밥, 김, 야채, 햄","달걀, 땅콩/대두"
어묵세트,400,600,40,25,20,6,12,80,900,300,"어묵, 국물, 야채","어묵(어류), 땅콩/대두"
떡볶이,350,700,100,15,20,6,10,50,700,250,"떡, 고추장, 어묵","밀, 땅콩/대두"
순대,300,600,40,15,30,8,12,70,600,250,"순대, 쌈장","돼지고기, 땅콩/대두"
튀김,300,600,50,15,30,8,12,70,600,250,"튀김(야채, 오징어 등)","밀, 갑각류"
어묵,250,500,30,20,20,5,10,50,600,200,"어묵, 국물","어묵(어류), 땅콩/대두"
꼬마김밥,200,450,55,10,15,3,8,40,400,200,"김밥, 김, 밥, 야채","땅콩/대두, 달걀"
어묵튀김 5개,200,500,40,15,25,6,12,50,500,200,"어묵, 튀김옷","밀, 어묵(어류)"
오징어튀김 1개,100,200,15,10,10,3,5,30,250,100,"오징어, 튀김옷","갑각류, 밀"
잉어빵 3마리,200,500,80,8,10,3,5,40,400,150,"팥, 밀가루, 반죽","밀"
레드라구 파스타,400,900,90,30,45,10,15,120,1000,400,"파스타면, 토마토, 고기","밀, 고기"
치킨 스테이크,400,850,30,40,50,12,20,150,900,400,"닭고기, 야채, 소스","고기"
비프 큐브 스테이크,400,900,20,50,60,15,20,180,950,400,"소고기, 야채, 소스","고기"
머쉬룸 파스타,400,850,90,20,40,8,15,100,950,400,"파스타면, 버섯, 크림","밀, 우유"
바질 페스토 파스타,400,800,80,20,35,8,12,80,900,400,"파스타면, 바질, 올리브오일","밀, 견과류"
봉골레 파스타,400,750,75,25,30,6,12,90,850,400,"파스타면, 조개, 올리브오일","밀, 갑각류"
감바스 알 아히요,300,700,10,25,60,15,20,200,700,300,"새우, 올리브오일, 마늘","갑각류"
치즈퐁듀칩스,200,600,40,10,40,15,20,80,500,200,"치즈, 감자칩","우유"
레드라구 칩스,200,600,45,10,40,12,20,80,500,200,"토마토소스, 감자칩","밀"
페퍼로니 칩스,200,600,40,15,40,12,20,90,500,200,"페퍼로니, 감자칩","고기"
스텔라 생맥주,400,200,15,2,0,0,0,0,20,20,"맥주","글루텐"
유자/자몽 하이볼,300,250,25,0,0,0,0,0,10,10,"탄산수, 위스키, 과일시럽","NULL"
물냉면,400,450,65,10,10,2,5,30,700,300,"면, 육수, 오이","밀"
비빔냉면,400,500,70,10,10,2,5,30,700,300,"면, 양념장, 오이","밀"
만두,300,600,50,15,25,8,12,80,700,300,"만두피, 돼지고기","밀, 고기"
버터치킨,400,900,20,30,60,20,25,150,950,400,"닭고기, 크림, 버터","우유, 고기"
치킨티카마살라,400,850,25,30,50,18,20,150,900,400,"닭고기, 향신료, 크림","우유, 고기"
프라운마크니,400,900,30,25,55,20,25,200,1000,400,"새우, 크림, 향신료","갑각류, 우유"
팔락 파니르,400,850,20,20,50,15,20,80,900,400,"시금치, 인도치즈, 크림","우유"
램 빈달루,400,950,20,35,60,20,25,180,1000,400,"양고기, 향신료","고기"
탄두리 치킨 비리야니,400,850,60,30,30,8,15,150,900,400,"닭고기, 쌀, 향신료","고기"
탄두리 치킨(half),300,650,10,30,45,12,20,150,800,350,"닭고기, 향신료","고기"
마늘난,150,450,50,8,20,8,12,30,500,200,"밀가루, 마늘, 버터","밀, 우유"
버터난,150,450,50,8,20,8,12,30,500,200,"밀가루, 버터","밀, 우유"
플레인 난,150,400,50,8,15,6,10,30,450,200,"밀가루","밀"
샐러드 크림 프라타,200,450,40,10,25,10,12,40,450,200,"프라타, 샐러드, 크림","밀, 우유"
슈퍼 레이브(S),400,1100,110,45,60,20,25,120,1200,500,"도우, 치즈, 토마토소스, 페퍼로니","밀, 우유"
클램 차우더 스프,250,350,20,10,25,10,12,60,600,250,"우유, 조개, 크림","우유, 갑각류"
치즈 피자(S),400,950,90,35,55,18,22,110,1100,500,"도우, 치즈","밀, 우유"
바질 마스카포네(S),400,1000,90,35,55,20,25,110,1100,500,"도우, 치즈, 바질, 마스카포네","밀, 우유"
치즈 엑스터시(S),400,1050,85,30,65,25,30,120,1200,500,"도우, 치즈 2종","밀, 우유"
애시드쉬림프(S),400,1000,85,35,50,15,25,110,1100,500,"도우, 새우, 치즈, 소스","밀, 우유, 갑각류"
누 레이브(S),400,1050,95,40,55,20,25,110,1100,500,"도우, 치즈, 토핑","밀, 우유"
마가리따(S),400,900,85,30,45,15,20,100,1100,500,"도우, 치즈, 토마토","밀, 우유"
페퍼로니(S),400,950,90,35,50,18,22,110,1100,500,"도우, 치즈, 페퍼로니","밀, 우유, 고기"
하와이안(S),400,950,85,30,50,18,22,110,1100,500,"도우, 치즈, 파인애플, 햄","밀, 우유, 고기"
더블 치즈 베이컨(S),400,1100,90,35,60,20,25,120,1100,500,"도우, 치즈, 베이컨","밀, 우유, 고기"
교촌싱글윙,200,600,30,35,35,10,20,110,800,300,"닭고기, 양념","고기"
레드싱글윙,200,600,30,35,35,10,20,110,800,300,"닭고기, 매운양념","고기"
교촌옥수수통안심 떡볶이세트,500,1100,100,40,50,18,22,120,900,400,"닭안심, 떡, 소스","고기, 밀"
교촌오리지날(한마리),800,1600,60,100,90,25,30,200,1200,500,"닭고기, 양념","고기"
레드윙박스,600,1300,60,75,80,20,30,150,1000,400,"닭고기, 매운양념","고기"
허니윙박스,600,1300,70,75,75,20,30,150,1000,400,"닭고기, 허니소스","고기"
후라이드윙박스,600,1200,60,70,70,18,25,150,1000,400,"닭고기, 튀김옷","고기, 밀"
양념치킨윙박스,600,1300,65,75,75,20,30,150,1000,400,"닭고기, 양념소스","고기"
허니오리지날(한마리),800,1600,65,90,85,25,30,200,1200,500,"닭고기, 허니소스","고기"
교촌후라이드,800,1550,60,95,85,25,30,200,1200,500,"닭고기, 튀김옷","고기, 밀"
교촌양념치킨,800,1600,70,90,85,25,30,200,1200,500,"닭고기, 양념소스","고기"
반반오리지날(한마리),800,1600,65,90,85,25,30,200,1200,500,"닭고기, 양념/후라이드","고기"
허니순살,600,1300,65,75,75,20,30,150,1000,400,"닭고기, 허니소스","고기"
달걀듬뿍볶음밥,300,700,60,15,30,8,12,80,800,300,"밥, 달걀, 야채","달걀"
츄라멘,400,700,70,20,25,8,12,80,900,350,"면, 육수, 돼지고기","밀, 고기"
차슈멘(2장),450,750,70,25,30,10,12,90,900,350,"면, 육수, 차슈","밀, 고기"
차슈멘(4장),500,800,75,30,35,10,12,100,900,350,"면, 육수, 차슈","밀, 고기"
연어스시 10P,300,600,45,20,25,5,8,80,700,300,"연어, 밥, 김","생선"
신츄멘,400,750,70,25,30,10,12,90,900,350,"면, 매운육수, 돼지고기","밀, 고기"
신차슈멘(2),450,800,75,30,35,10,12,100,900,350,"면, 매운육수, 차슈","밀, 고기"
신차슈멘(4)장,500,850,80,35,35,10,12,100,900,350,"면, 매운육수, 차슈","밀, 고기"
대표)상록수연탄모둠,400,700,20,40,50,15,20,120,1100,500,"돼지고기, 소고기, 양념","고기"
대표)연탄파불고기,400,700,20,40,50,15,20,120,1100,500,"돼지고기, 파, 양념","고기"
원조)황지살,400,700,20,40,50,15,20,120,1100,500,"돼지고기, 양념","고기"
NEW)꽈배기생오겹,400,700,20,40,50,15,20,120,1100,500,"돼지고기, 양념","고기"
원조)비빔수제비,400,550,80,15,20,5,12,30,900,300,"밀가루, 야채, 양념","밀"
NEW)역할맥st짜빠구리,400,600,85,10,25,8,12,60,1000,300,"라면, 소스, 고기","밀, 고기"
추천)시골청국장,400,500,20,25,20,5,12,50,900,300,"청국장, 두부, 야채","대두"
NEW)깍둑목살,400,700,20,40,50,15,20,120,1100,500,"돼지고기, 양념","고기"
NEW)생갈매기살1600,400,700,20,40,50,15,20,120,1100,500,"돼지고기, 양념","고기"
원조)오이지냉국수,400,550,80,10,15,3,8,20,900,300,"소면, 오이지, 육수","밀"
포36거리 숙대점 소고기쌀국수,400,700,60,20,25,6,12,80,800,350,"쌀국수, 소고기, 육수","NULL"
히레가스(안심),300,700,30,30,40,12,20,120,800,350,"돼지고기, 튀김옷","밀, 고기"
포돈정식(양지 쌀국수+히레가스1줄),500,1100,80,40,50,15,25,150,1000,400,"쌀국수, 돼지고기, 튀김","밀, 고기"
감자말이 새우롤4pcs,200,600,40,15,35,10,15,80,600,250,"새우, 감자, 튀김옷","갑각류, 밀"
칠리소스 닭어깨튀김4pcs,200,600,40,20,35,10,15,80,600,250,"닭고기, 칠리소스","고기"
새우춘권4pcs,200,600,40,20,30,10,15,80,600,250,"새우, 춘권피","갑각류, 밀"
엽기떡볶이,400,1000,150,20,30,8,12,50,1200,400,"떡, 어묵, 고추장","밀, 대두"
마라떡볶이,400,1050,140,20,35,10,12,60,1200,400,"떡, 어묵, 마라소스","밀, 대두"
마라로제떡볶이,400,1100,140,25,35,10,12,60,1200,400,"떡, 어묵, 마라소스, 우유","밀, 대두, 우유"
엽기닭볶음탕,600,1400,80,60,60,20,25,150,1400,500,"닭고기, 감자, 고추장","고기"
2인엽기떡볶이,700,1800,200,30,45,12,15,100,1500,500,"떡, 어묵, 고추장","밀, 대두"
엽기밀키트(오리지널/착한맛),500,1200,180,20,30,8,12,60,1200,400,"떡, 어묵, 소스","밀, 대두"
로제밀키트(오리지널/착한맛),500,1250,180,25,30,8,12,60,1200,400,"떡, 어묵, 로제소스","밀, 대두, 우유"
엽기오돌뼈,400,800,20,40,50,15,20,120,1100,400,"돼지고기, 양념","고기"
엽기무뼈닭발,400,850,20,45,50,15,20,120,1100,400,"닭발, 매운양념","고기"
엽기국물닭발,400,850,20,45,50,15,20,120,1100,400,"닭발, 육수, 매운양념","고기"
실속세트,800,2200,280,40,80,25,30,200,1800,600,"떡, 어묵, 튀김, 소스","밀, 대두"
베스트세트,1000,2600,300,50,90,30,35,250,2000,600,"떡, 어묵, 튀김, 소스","밀, 대두"
스페셜세트,1200,3000,350,60,100,35,40,300,2200,700,"떡, 어묵, 튀김, 닭고기","밀, 대두, 고기"
닭발세트,1000,2800,150,90,100,35,40,300,2200,700,"닭발, 떡, 어묵, 튀김","밀, 대두, 고기"
파니니빵,300,400,50,10,15,5,8,0,600,200,"밀가루, 치즈, 버터","밀, 우유"
쌀치즈카스테라,250,350,45,7,12,4,6,70,500,200,"쌀가루, 치즈, 계란","우유, 달걀"
샌드위치,400,500,50,20,20,6,12,40,700,250,"식빵, 햄, 야채, 마요네즈","밀, 고기, 달걀"
쪽파베이글,300,400,40,10,12,4,8,0,500,200,"밀가루, 쪽파, 버터","밀"
통밀빵,300,350,35,10,8,2,5,0,500,200,"통밀가루, 버터","밀"
무화과깜빠뉴,350,400,40,10,10,3,7,0,400,200,"밀가루, 무화과, 버터","밀"
꿀빵,200,300,40,5,12,3,8,0,400,150,"밀가루, 꿀, 버터","밀"
해남고구마맛탕빵,250,400,50,7,15,5,10,0,450,200,"밀가루, 고구마, 버터","밀"
아메리카노 hot,200,10,0,1,0,0,0,0,10,100,"커피","NULL"
카페라떼 hot,250,150,10,8,7,4,3,30,100,100,"우유, 커피","우유"
바닐라라떼 hot,250,180,20,7,7,4,3,30,120,100,"우유, 커피, 바닐라시럽","우유"
카푸치노 hot,250,150,10,8,7,4,3,30,100,100,"우유, 커피","우유"
카라멜라떼 hot,250,200,20,7,8,4,4,30,150,100,"우유, 커피, 카라멜시럽","우유"
아메리카노 ice,200,10,0,1,0,0,0,0,10,100,"커피","NULL"
카페라떼 ice,250,150,10,8,7,4,3,30,100,100,"우유, 커피","우유"
네코스시,400,500,50,20,15,4,8,80,800,400,"쌀, 생선, 김","생선"
모듬초밥,400,600,55,25,20,6,10,100,800,400,"쌀, 생선, 김","생선"
치킨가라아게,300,500,30,20,25,6,12,80,700,300,"닭고기, 튀김가루","밀, 고기"
활어초밥,400,600,50,20,20,6,10,100,800,400,"쌀, 생선, 김","생선"
연어초밥,400,550,50,20,15,5,10,90,800,400,"쌀, 연어, 김","생선"
카라동,400,600,50,20,20,6,10,80,800,400,"쌀, 닭고기, 달걀","고기, 달걀"
연어동,400,550,50,20,15,5,10,90,800,400,"쌀, 연어, 김","생선"
네코동,400,600,50,20,20,6,10,80,800,400,"쌀, 생선, 김","생선"
차돌양지쌀국수+에그롤1+고구마롤2,500,800,60,30,30,8,12,100,900,400,"쌀국수, 차돌박이, 에그롤, 고구마롤","고기, 밀"
차돌양지쌀국수+가라아게2+고구마롤1,500,850,60,30,35,10,15,110,950,400,"쌀국수, 차돌박이, 닭고기, 고구마롤","고기, 밀"
차돌양지쌀국수+짜조2+고구마롤1,500,850,60,30,35,10,15,110,950,400,"쌀국수, 차돌박이, 새우, 고구마롤","갑각류, 고기, 밀"
차돌양지쌀국수+스프링롤2+고구마롤1,500,850,60,30,35,10,15,110,950,400,"쌀국수, 차돌박이, 야채롤, 고구마롤","고기, 밀"
차돌양지쌀국수+직화불고기덮밥,600,900,70,40,35,12,20,130,950,400,"쌀국수, 불고기, 쌀","고기"
차돌양지쌀국수+꿔이1+연유,450,750,55,25,25,8,10,90,800,300,"쌀국수, 돼지고기, 연유","고기, 우유"
차돌양지쌀국수+돈까스(1/2)세트,550,900,60,30,40,12,20,120,900,400,"쌀국수, 돈까스, 고기","고기, 밀"
직화불고기덮밥+쌀국수 2인 세트,800,1400,100,50,50,15,25,160,1000,500,"쌀국수, 불고기, 쌀","고기"
파인애플새우볶음밥+쌀국수 2인 세트,800,1350,110,40,40,12,20,150,1000,500,"쌀국수, 새우, 쌀","갑각류"
노미트 쌀국수,400,600,55,15,15,5,8,50,700,300,"쌀국수, 야채, 육수","NULL"
양지쌀국수,400,700,55,25,20,6,10,90,800,350,"쌀국수, 양지 고기, 육수","고기"
얼큰소고기쌀국수,400,750,55,25,25,8,12,100,800,350,"쌀국수, 소고기, 육수","고기"
차돌양지쌀국수,400,750,55,25,25,8,12,100,800,350,"쌀국수, 차돌박이, 육수","고기"
직화불고기쌀국수,400,800,55,30,30,8,12,110,850,350,"쌀국수, 불고기, 육수","고기"
곱창힘줄쌀국수,400,850,55,30,35,10,15,120,850,350,"쌀국수, 곱창, 육수","고기"
리코타샐러드,350,400,20,10,25,8,12,60,500,250,"리코타치즈, 채소, 견과류","우유, 견과류"
아라비아따 펜네,450,600,70,20,20,5,12,0,900,300,"펜네, 토마토, 고추, 마늘","밀"
토마토 조개 스파게티,500,650,70,20,25,6,15,40,950,350,"스파게티, 조개, 토마토","밀, 조개류"
마일드 토마토 새우 스파게티,500,700,70,20,25,6,15,70,950,350,"스파게티, 새우, 토마토, 크림","밀, 갑각류, 우유"
치킨 토마토 스파게티,500,700,70,25,25,7,15,80,950,350,"스파게티, 닭고기, 토마토","밀, 고기"
토마토 크림치즈 펜네,500,700,70,20,30,8,18,60,900,350,"펜네, 토마토, 크림치즈","밀, 우유"
냉면+숯불고기,600,800,80,30,30,10,15,80,1200,400,"냉면, 쇠고기, 야채","밀, 고기"
비빔밥+숯불고기,550,750,70,30,25,8,15,80,1100,400,"쌀, 쇠고기, 야채, 고추장","고기"
된장찌개,400,400,20,15,20,6,12,50,900,300,"된장, 두부, 야채","대두"
김치찌개+숯불고기,550,750,30,25,35,10,20,80,1100,400,"김치, 돼지고기, 두부","고기, 대두"
고기만두,300,400,40,15,20,5,12,30,800,300,"밀가루, 고기, 야채","밀, 고기"
브리또,500,600,60,20,20,7,12,60,800,300,"토르티야, 고기, 치즈, 야채","밀, 고기, 우유"
쫄면순두부 + 돈가스,600,850,80,25,30,12,15,90,1000,400,"쫄면, 순두부, 돈가스","밀, 대두, 고기"
쫄면순두부 + 치즈알밥,600,850,80,25,30,10,15,90,1000,400,"쫄면, 순두부, 치즈알밥","밀, 대두, 우유"
굴순두부,400,600,20,20,30,10,18,80,900,400,"굴, 순두부, 고추기름","대두, 조개류"
뚝제육,450,700,50,25,30,10,15,100,1000,400,"돼지고기, 고추장, 양파","고기"
뚝불고기,450,700,50,25,30,10,15,100,1000,400,"쇠고기, 양파, 간장","고기"
쫄순이,400,600,60,15,20,5,10,80,900,400,"쫄면, 순두부, 야채","대두"
부대찌개,550,800,40,25,40,12,20,100,1200,400,"햄, 소시지, 두부, 김치","고기, 대두"
김치치즈밥,450,700,60,15,25,8,15,80,900,300,"쌀, 김치, 치즈","우유"
정식,500,750,60,20,30,10,15,80,900,400,"쌀, 고기, 반찬","고기"
돈가스,400,700,50,20,30,12,18,80,900,400,"돼지고기, 튀김옷","밀, 고기"
함박,400,700,50,20,30,10,15,80,900,400,"쇠고기, 돼지고기, 양파","고기"
치즈알밥,400,600,50,15,25,8,15,70,800,300,"쌀, 치즈, 날치알","우유"
돈가스or함박 순두부,600,850,70,25,30,12,15,80,1000,400,"돼지고기 or 쇠고기, 순두부","고기, 대두"
반끼베스트세트,600,850,60,25,30,10,15,90,1000,400,"유부초밥, 연어, 치킨, 아보카도","생선, 고기"
살몬아보카도,450,600,50,20,20,7,12,80,800,400,"연어, 아보카도, 밥","생선"
유부베스트세트,450,600,50,15,20,7,12,70,800,400,"유부, 밥, 생선, 야채","생선, 대두"
살몬러버유부세트,450,600,50,20,20,7,12,80,800,400,"유부, 연어, 밥","생선, 대두"
유부베이직세트,400,550,50,10,15,6,10,50,700,300,"유부, 밥, 야채","대두"
내맘대로초이스세트,500,700,55,20,25,7,12,80,800,400,"유부, 밥, 다양한 토핑","대두"
생연어유부초밥,400,550,50,15,15,6,10,80,700,300,"유부, 생연어, 밥","대두, 생선"
우니이쿠라유부초밥,450,600,45,20,20,7,12,100,700,300,"유부, 성게, 연어알","대두, 어패류"
해초샐러드유부초밥,400,550,50,10,15,5,10,50,700,300,"유부, 해초, 밥","대두"
허브딜치킨유부초밥,400,550,45,15,20,7,12,80,700,300,"유부, 닭고기, 밥","대두, 고기"
그릴드관자유부초밥,400,600,45,20,20,7,12,80,700,300,"유부, 관자, 밥","대두, 조개류"
낙지탕탕유부초밥,400,600,45,20,20,7,12,80,700,300,"유부, 낙지, 밥","대두, 갑각류"
로스트닭다리살 샐러드,400,500,40,25,20,7,10,60,800,300,"닭다리살, 채소, 드레싱","고기"
칠리베이컨 포케볼,500,700,60,30,25,10,12,80,950,400,"베이컨, 밥, 채소, 칠리소스","돼지고기"
멕시칸 랩 샌드위치,450,600,50,20,20,8,12,60,800,300,"토르티야, 닭고기, 야채","밀, 고기"
에그베이컨 샌드,450,600,50,20,25,8,12,60,850,300,"식빵, 베이컨, 계란","밀, 돼지고기, 달걀"
바베큐닭다리살 샌드,450,600,50,20,25,8,12,60,850,300,"식빵, 닭다리살, 바베큐소스","밀, 고기"
그라브락스 연어 포케볼,500,700,60,20,25,8,12,80,950,400,"연어, 밥, 채소","생선"
로스트삼겹 포케볼,500,700,60,25,25,8,12,80,950,400,"돼지고기, 밥, 채소","돼지고기"
탄단지 샐러드,400,550,35,25,15,6,10,50,800,300,"닭고기, 채소, 삶은계란","고기, 달걀"
콥 샐러드,500,700,40,25,25,8,12,70,900,350,"닭가슴살, 계란, 채소, 치즈","우유, 달걀, 고기"
노릇두부단호박 샐러드,400,500,30,15,15,7,12,50,800,300,"두부, 단호박, 채소","대두"
그라브락스 연어 파스타 누들볼,550,750,70,20,25,8,12,80,950,400,"파스타, 연어, 채소","밀, 생선"
우삼겹메밀면 누들볼,550,750,60,25,25,8,12,80,950,400,"메밀면, 우삼겹, 채소","메밀, 고기"
갈빗살메밀면 누들볼,550,750,60,25,25,8,12,80,950,400,"메밀면, 갈빗살, 채소","메밀, 고기"
우삼겹 포케볼,500,700,60,25,25,8,12,80,950,400,"우삼겹, 밥, 채소","고기"
바베큐닭다리살 포케볼,500,700,60,25,25,8,12,80,950,400,"닭다리살, 밥, 채소","고기"
더블 닭다리살 박스,600,850,70,30,30,10,15,90,1000,400,"닭다리살, 밥, 채소","고기"
더블 치킨 파스타 박스,600,850,70,30,30,10,15,90,1000,400,"파스타, 닭가슴살, 채소","밀, 고기"
더블 비프 박스,600,850,70,30,30,10,15,90,1000,400,"쇠고기, 밥, 채소","고기"
더블 삼겹 박스,600,850,70,30,30,10,15,90,1000,400,"돼지고기, 밥, 채소","돼지고기"
에그마요 샌드,450,600,45,15,20,8,12,60,850,300,"식빵, 계란, 마요네즈","밀, 달걀"
치킨토마토 샌드,450,600,50,20,25,8,12,60,850,300,"식빵, 닭가슴살, 토마토","밀, 고기"
바베큐닭다리살 샌드,450,600,50,20,25,8,12,60,850,300,"식빵, 닭다리살, 바베큐소스","밀, 고기"
에그마요 랩 샌드위치,400,550,45,10,15,6,10,50,800,300,"토르티야, 계란, 마요네즈","밀, 달걀"
멕시칸 랩 샌드위치,450,600,50,20,20,7,12,60,800,300,"토르티야, 닭고기, 야채","밀, 고기"
시저치킨 랩 샌드위치,450,600,50,20,20,7,12,60,800,300,"토르티야, 닭가슴살, 치즈","밀, 고기, 우유"
그라브락스 연어 랩 샌드위치,450,600,50,20,20,7,12,60,800,300,"토르티야, 연어, 야채","밀, 생선"
로스트닭다리살 랩 샌드위치,450,600,50,20,20,7,12,60,800,300,"토르티야, 닭다리살, 야채","밀, 고기"
마이 샐러디 채소볼,400,500,35,10,15,6,10,50,800,300,"채소, 드레싱","없음"
마이 샐러디 포케볼,500,700,60,20,25,8,12,70,900,350,"밥, 채소, 닭고기/연어 선택","고기 or 생선"
마이 샐러디 메밀면볼,500,700,60,20,25,8,12,70,900,350,"메밀면, 채소, 닭고기/연어","메밀, 고기 or 생선"
마이 샐러디 바질파스타볼,500,700,60,20,25,8,12,70,900,350,"파스타, 채소, 바질","밀"
양송이 크림스프,300,400,30,10,15,6,10,40,700,250,"양송이버섯, 크림","우유"
단호박 크림스프,300,400,30,10,15,6,10,40,700,250,"단호박, 크림","우유"
치킨토마토 스튜,400,550,30,20,25,8,12,60,800,300,"닭가슴살, 토마토, 채소","고기"
포테이토 크림스프,300,400,30,10,15,6,10,40,700,250,"감자, 크림","우유"
키토리 김밥,400,500,45,10,15,6,10,50,700,300,"김밥, 김, 밥","없음"
야채듬뿍 샐러드 키토김밥,400,500,45,10,15,6,10,50,700,300,"김밥, 야채, 밥","없음"
와사비마요 참치 키토김밥,400,500,45,10,15,6,10,50,700,300,"김밥, 참치, 와사비 마요","어류"
새우튀김 키토김밥,450,600,45,15,20,7,10,70,800,300,"김밥, 새우튀김","갑각류"
수제닭강정M,450,600,50,20,25,8,12,80,900,350,"닭고기, 양념","고기"
수제닭강정L,650,850,70,30,35,12,15,120,1200,500,"닭고기, 양념","고기"
백김치 크림 파스타,500,700,70,20,25,8,12,60,900,350,"스파게티, 백김치, 크림","밀, 우유"
시금치 크림 파스타,500,700,70,20,25,8,12,60,900,350,"스파게티, 시금치, 크림","밀, 우유"
차이나치킨,450,600,40,20,25,7,12,80,900,350,"닭가슴살, 달콤소스","고기"
또와떡불,500,700,70,20,25,7,10,70,900,350,"떡, 고추장, 어묵","밀"
버섯떡불,500,700,70,20,20,6,10,60,850,350,"떡, 버섯, 어묵","밀"
해물떡불,550,750,70,25,25,7,10,80,950,400,"떡, 오징어/조개류, 어묵","어패류, 밀"
모듬떡불,600,800,75,25,30,7,12,90,1000,450,"떡, 어묵, 해물, 고기","밀, 어패류"
야채즉석떡볶이,450,650,65,15,20,6,9,60,850,350,"떡, 야채, 어묵","밀"
치즈즉석떡볶이,500,700,70,20,25,7,10,70,900,350,"떡, 치즈, 어묵","우유, 밀"
불고기즉석떡볶이,500,700,70,20,25,7,10,70,900,350,"떡, 불고기, 어묵","밀, 고기"
해물즉석떡볶이,550,750,70,25,25,7,10,80,950,400,"떡, 해산물, 어묵","어패류, 밀"
모듬즉석떡볶이,600,800,75,25,30,7,12,90,1000,450,"떡, 고기, 해산물, 어묵","어패류, 밀"
모듬스페셜즉석떡볶이,650,850,75,30,35,8,12,90,1050,450,"떡, 고기, 해산물, 어묵","어패류, 밀"
비일 All Day,600,800,70,25,25,8,12,80,900,400,"코스요리, 샐러드, 메인, 디저트","개별 메뉴 따라 다름"
비일 Dinner,800,1100,90,40,35,10,15,100,1200,500,"코스요리, 고기/생선 포함","개별 메뉴 따라 다름"
마라탕,500,700,50,25,25,10,12,80,950,400,"육수, 고기, 야채","고기"
마라샹궈,600,850,60,30,30,10,12,90,1050,450,"마라소스, 고기, 야채","고기"
꿔바로우小,400,600,30,20,20,7,10,60,850,300,"돼지고기, 튀김옷","돼지고기, 밀"
꿔바로우大,600,900,45,30,30,10,12,80,1050,400,"돼지고기, 튀김옷","돼지고기, 밀"
셀프 마라탕,450,650,50,20,20,9,10,70,850,350,"숙주, 육수, 채소","고기"
불맛 마라샹궈,550,750,55,27,27,9,12,85,1000,400,"마라소스, 고기, 야채","고기"
타코야끼 오리지널,400,550,50,20,15,6,9,45,750,250,"밀가루, 문어, 마요네즈","밀, 어패류, 달걀"
갈릭치즈 타코야끼,450,600,50,25,18,7,9,50,800,250,"밀가루, 문어, 치즈, 마요네즈","밀, 어패류, 우유, 달걀"
와사비마요 타코야끼,420,570,50,22,15,7,9,50,800,250,"밀가루, 문어, 와사비마요","밀, 어패류, 달걀"
치즈 타코야끼,450,600,50,25,18,7,9,50,800,250,"밀가루, 문어, 치즈","밀, 어패류, 우유"
명란마요 타코야끼,420,570,50,22,15,7,9,50,800,250,"밀가루, 문어, 명란, 마요네즈","밀, 어패류, 생선알"
매운맛 타코야끼,420,570,50,22,15,7,9,50,800,250,"밀가루, 문어, 매운소스","밀, 어패류"
아주매운 타코야끼,420,570,50,22,15,7,9,50,800,250,"밀가루, 문어, 매운소스","밀, 어패류"
매콤치즈 타코야끼,450,600,50,25,18,7,9,50,800,250,"밀가루, 문어, 치즈","밀, 어패류, 우유"
매콤갈릭 타코야끼,450,600,50,25,18,7,9,50,800,250,"밀가루, 문어, 갈릭소스","밀, 어패류"
매콤명란 타코야끼,450,600,50,25,18,7,9,50,800,250,"밀가루, 문어, 명란","밀, 어패류, 생선알"
데리야끼막창,400,600,10,30,20,10,10,60,1000,400,"막창, 데리야끼소스","돼지고기"
야채곱창,400,600,15,25,20,10,10,60,950,400,"곱창, 야채","돼지고기"
핵마늘막창,450,650,15,30,25,10,10,70,1000,400,"막창, 마늘소스","돼지고기"
불곱창,450,650,15,30,25,10,10,70,1000,400,"곱창, 매운양념","돼지고기"
순대곱창,400,600,20,25,20,10,10,65,950,400,"곱창, 순대","돼지고기"
알곱창,400,600,20,25,20,10,10,65,950,400,"곱창, 알","돼지고기, 어패류"
치즈불곱창,450,650,15,30,25,10,10,70,1000,400,"곱창, 치즈","돼지고기, 우유"
소금구이막창,400,600,10,30,20,10,10,60,950,400,"막창","돼지고기"
양념막창,400,600,15,30,20,10,10,65,950,400,"막창, 양념","돼지고기"
불막창,450,650,15,30,25,10,10,70,1000,400,"막창, 매운양념","돼지고기"
솔티드 아인슈페너,250,400,15,20,15,5,5,30,250,100,"커피, 생크림","우유"
프로슈토 베이글,400,600,30,25,20,6,8,50,750,300,"베이글, 프로슈토","밀, 돼지고기"
수제 카이막 베이글,400,600,30,25,20,6,8,50,750,300,"베이글, 카이막","밀, 우유"
수제 밀크티,200,350,25,10,10,2,3,20,250,100,"홍차, 우유","우유"
포테이토 치즈 베이글,400,600,30,25,20,6,8,50,750,300,"베이글, 감자, 치즈","밀, 우유"
플레인 베이글,300,450,50,5,5,2,5,20,500,200,"베이글","밀"
솔티드 아인슈페너 라떼,300,450,20,25,15,6,5,40,300,150,"커피, 우유, 생크림","우유"
참깨 베이글,320,470,50,7,5,2,5,20,500,200,"베이글, 참깨","밀"
에브리띵 베이글,350,500,50,8,7,2,5,20,500,200,"베이글, 믹스 시즈닝","밀"
바질 베이글,350,500,50,7,7,2,5,20,500,200,"베이글, 바질","밀"
블루베리 베이글,350,500,50,7,7,2,5,20,500,200,"베이글, 블루베리","밀"
초콜릿 베이글,350,500,50,7,7,2,5,20,500,200,"베이글, 초콜릿","밀"
페퍼로니 피자 베이글,400,550,35,20,20,7,8,45,700,250,"베이글, 페퍼로니","밀, 돼지고기"
초코나무숲 베이글,400,550,35,20,20,7,8,45,700,250,"베이글, 초콜릿","밀"
스윗펌킨 치즈 베이글,400,550,35,20,20,7,8,45,700,250,"베이글, 단호박, 치즈","밀, 우유"
빨봉떡볶이,400,550,50,10,15,6,9,50,800,250,"떡, 고추장","밀"
빨봉돈까스,500,700,40,25,20,7,10,70,950,400,"돈까스","돼지고기, 밀"
연탄불고기덮밥,500,700,50,20,20,7,10,65,900,400,"밥, 불고기","돼지고기"
오므라이스,450,600,40,20,20,6,8,50,850,300,"밥, 계란","달걀"
쫄면,400,550,50,8,15,5,9,45,750,250,"쫄면","밀"
모듬튀김,350,500,20,15,15,6,9,50,800,250,"튀김","밀"
치즈떡볶이,450,600,50,15,20,7,9,50,850,300,"떡, 치즈","밀, 우유"
무화과 와인스틱,300,450,30,15,10,5,6,40,750,250,"빵, 무화과","밀"
마롱 깜파뉴,300,450,30,15,10,5,6,40,750,250,"빵","밀"
크림치즈 카페모카,320,470,30,20,10,6,7,50,800,250,"빵, 크림치즈","밀, 우유"
슈크림 브리오슈,300,450,30,15,10,6,7,45,750,250,"빵, 크림","밀, 우유"
연유 버터 프레첼,300,450,30,15,10,5,7,40,750,250,"빵, 연유, 버터","밀, 우유"
초코 토네이도,300,450,30,15,10,5,7,40,750,250,"빵, 초코","밀"
크로와상샌드위치,350,500,35,20,15,7,8,50,800,250,"크로와상","밀, 달걀"
베이글 샌드위치,350,500,35,20,15,7,8,50,800,250,"베이글","밀"
치아바타샌드위치,350,500,35,20,15,7,8,50,800,250,"치아바타","밀"
앙버터,350,500,35,20,15,7,8,50,800,250,"팥앙금, 버터","밀, 우유"
소금빵,250,400,25,10,10,5,6,40,700,200,"소금빵","밀"
까눌레,150,200,15,10,7,3,3,20,400,150,"버터, 계란, 설탕","우유, 달걀"
에그타르트,200,300,20,15,7,4,3,30,450,200,"계란, 버터","우유, 달걀"
휘낭시에,200,300,20,15,7,4,3,30,450,200,"버터, 아몬드가루","우유, 견과류"
수제쿠키14종,300,450,30,20,15,6,6,45,700,250,"쿠키류","밀, 우유, 달걀"
다양한구움과자,300,450,30,20,15,6,6,45,700,250,"쿠키류","밀, 우유, 달걀"