place_name,category,menu_name,weather,menu_price
일신기사식당,한식,순두부,"흐림, 추움, 쌀쌀",8000
일신기사식당,한식,비빔밥,"맑음, 따뜻함",8000
일신기사식당,한식,삼계탕,"더움, 여름",10000
일신기사식당,한식,불고기백반,"흐림, 선선함",12000
일신기사식당,한식,갈치조림,"비",12000
정,중식,매운맛 탕수육 (소),"맑음, 약간 선선함, 기분 좋은 날",15000
정,중식,고추간짜장,"흐림, 선선함, 비오기 전",9000
정,중식,탕수육 (소),"맑음, 따뜻함",14000
정,중식,깐풍기(소),"비, 흐림, 습함",16000
정,중식,삼선짬뽕,"추움, 흐림, 바람부는 날",10000
정,중식,고추짜장,"흐림, 선선함",8500
정,중식,전가복 (소),"겨울, 매우 추움, 특별한 날",25000
정,중식,홍소탕면,"흐림, 쌀쌀함",9500
와플하우스,디저트,딸기빙수,"덥고 습한 여름날, 맑음",8500
와플하우스,디저트,버터&잼 와플,"선선한 가을 오후, 맑음",7000
와플하우스,음료,카라멜라떼,"쌀쌀한 날, 흐림",6000
와플하우스,음료,바닐라라떼,"약간 선선한 날, 구름 많음",6000
와플하우스,음료,카페라떼,"흐림, 쌀쌀함",5500
와플하우스,음료,헤이즐넛아메리카노,"비오는 날, 서늘함",5000
와플하우스,음료,아메리카노,"맑음, 따뜻함",4500
와플하우스,버거,에그버거,"맑음, 따뜻한 봄날",7500
와플하우스,버거,불고기버거,"흐림, 살짝 추운 날",8000
와플하우스,음료,커피쉐이크,"무더운 여름날, 맑음",7000
와플하우스,음료,청포도에이드,"더운 날, 햇볕 쨍쨍",6500
와플하우스,음료,베리베리에이드,"더운 날, 가볍게 마시기 좋은 날씨",6500
와플하우스,음료,요크셔밀크티,"흐리고 선선한 오후",5500
쌍대포 본점,고기,특삼겹 너덜이,"쌀쌀한 날, 구름 많음",17000
쌍대포 본점,고기,일삼꼬들,"흐림, 선선함",15000
쌍대포 본점,고기,한방껍데기,"추운 겨울밤, 맑음",12000
쌍대포 본점,고기,모듬스페셜,"특별한 날, 맑음",25000
쌍대포 본점,고기,생오겹,"맑음, 따뜻함",16000
쌍대포 본점,고기,생삼겹살,"흐림, 쌀쌀함",16000
쌍대포 본점,고기,통갈매기살,"비오는 날, 습함",15000
쌍대포 본점,고기,항정살,"흐림, 선선함",17000
쌍대포 본점,고기,대구막창,"춥고 흐린 날",18000
쌍대포 본점,고기,양념돼지갈비,"맑은 날, 가족끼리",15000
쌍대포 본점,식사,차돌된장밥,"비오는 날, 따뜻함",8000
쌍대포 본점,식사,순두부찌개,"추운 겨울날",7000
쌍대포 본점,식사,차돌 된장찌개,"흐림, 쌀쌀함",7500
쌍대포 본점,식사,생고기김치찌개,"매우 추운 날",8000
쌍대포 본점,사이드,치즈 계란말이,"선선한 저녁",9000
삼정카페,브런치,삼정프렌치토스트,"맑고 따뜻한 봄날",8500
삼정카페,브런치,토마토스튜,"흐리고 선선한 날",9500
삼정카페,샌드위치,스탠다드샌드위치,"맑음, 활동하기 좋은 날",8000
삼정카페,브런치,베이직프렌치토스트,"햇살 좋은 주말 아침",7500
삼정카페,브런치,삼정플레이트,"맑음, 가족 나들이에 좋은 날",11000
삼정카페,디저트,아이스크림 프렌치토스트,"무더운 여름날",9000
삼정카페,디저트,바나나푸딩토스트,"흐림, 선선한 날",8500
삼정카페,디저트,트리플치즈프렌치토스트,"추운 겨울날, 포근하게",9500
삼정카페,브런치,잠봉프렌치토스트,"맑은 날, 약간 쌀쌀함",9500
까치네,한식,쫄면순두부,"흐림, 선선함",7500
까치네,한식,돈가스+쫄순,"맑은 날, 점심시간",8500
까치네,한식,치킨+돈가스+쫄순,"선선한 날, 구름 많음",9500
까치네,한식,쫄순+치즈알밥,"흐림, 포근함",8500
까치네,한식,돈가스+냉면,"더운 여름날",8500
까치네,한식,돈가스+순두부,"흐림, 선선함",8500
까치네,한식,치킨가스+냉면,"더운 여름날",8500
까치네,한식,치킨가스+쫄순,"흐림, 살짝 쌀쌀함",8500
까치네,한식,냉면+치즈알밥,"덥고 습한 여름날",7500
까치네,한식,돈가스,"맑음, 가벼운 점심",7500
까치네,한식,김치볶음밥,"흐림, 선선한 날",7000
까치네,한식,오므라이스,"흐림, 따뜻한 오후",7000
까치네,한식,제육덮밥,"추운 겨울날",7500
까치네,한식,알밥,"흐림, 포근한 날",7000
까치네,한식,치즈알밥,"구름 많고 선선한 날",7500
버거인,버거,지못미버거,"맑고 따뜻한 날",7000
버거인,버거,더블버거,"흐리고 선선한 날",8500
버거인,버거,에그뿜뿜,"맑은 날, 아침 또는 브런치",7500
버거인,버거,하와이안버거,"맑고 더운 여름날",8000
버거인,버거,싱글버거,"구름 조금, 따뜻함",6500
두리식당,한식,된장찌개,"흐리고 쌀쌀한 날",7000
두리식당,한식,김치찌개,"비 오는 날, 선선함",7500
두리식당,한식,동태찌개,"겨울철 추운 날",8000
두리식당,한식,부대찌개,"흐림, 포근한 날",8500
두리식당,한식,북어찜백반,"맑은 날, 가벼운 점심",9000
두리식당,한식,돌솥비빔밥,"맑고 따뜻한 봄날",8500
두리식당,한식,비빔밥,"맑음, 산뜻한 날",8000
해바라기정육식당 청파점,고기류,소한마리(미국산) 1kg,"추운 겨울날, 모임용",40000
해바라기정육식당 청파점,고기류,소반마리(미국산) 500 g,"선선한 날, 친구와 함께",22000
해바라기정육식당 청파점,고기류,소반+돼반 1kg,"구름 많고 선선한 날",35000
해바라기정육식당 청파점,고기류,국내산숙성등심 200 g,"가족 모임날, 흐림",18000
해바라기정육식당 청파점,고기류,갈비살 200 g,"흐림, 소고기 땡기는 날",17000
해바라기정육식당 청파점,고기류,우삼겹 200 g,"맑은 날, 캠핑 분위기",16000
해바라기정육식당 청파점,고기류,육회 200 g,"맑고 약간 선선한 날",20000
해바라기정육식당 청파점,고기류,육회 소 100 g,"선선함, 가볍게 한접시",11000
해바라기정육식당 청파점,고기류,돼지한마리 1kg,"추운 날, 모임용",25000
해바라기정육식당 청파점,고기류,돼지반마리 500 g,"흐림, 소규모 모임",13000
해바라기정육식당 청파점,고기류,국내산 생삼겹 200 g,"맑은 날, 캠핑 느낌",11000
해바라기정육식당 청파점,고기류,국내산 오겹살 200 g,"흐림, 소주 한 잔 하기 좋은 날",11000
해바라기정육식당 청파점,고기류,항정살 200 g,"맑고 선선한 날",12000
해바라기정육식당 청파점,고기류,생목살 200 g,"흐림, 구이 땡기는 날",11000
해바라기정육식당 청파점,고기류,돼지양념구이 300 g,"흐림, 가벼운 저녁",10000
양평매운탕,매운탕,빠가+메기 특대,"겨울, 추울 때 딱 좋은 날",40000
양평매운탕,매운탕,빠가사리 특,"흐림, 쌀쌀한 날",35000
양평매운탕,매운탕,메기 특,"비 오는 날, 따뜻한 국물",30000
양평매운탕,사이드,빙어튀김,"가을, 맑은 날",15000
부암동치킨 숙대점,치킨,후라이드치킨,"맑은 날, 파티용",18000
부암동치킨 숙대점,치킨,매콤 양념치킨,"흐림, 맥주와 함께",19000
부암동치킨 숙대점,사이드,골뱅이 국수,"흐림, 저녁 술안주",12000
부암동치킨 숙대점,사이드,부산오뎅탕,"겨울, 추운 날",10000
부암동치킨 숙대점,사이드,닭모래집,"흐림, 가볍게 한잔하는 날",9000
굴다리소곱창,곱창구이,소곱창 (1인분),"쌀쌀하거나 추운날",18000
굴다리소곱창,곱창구이,대창 (1인분),"추운날, 구이가 땡기는 날",17000
굴다리소곱창,곱창구이,염통 (1인분),"선선한날, 맥주와 함께",15000
가야해장 용산본점,국밥,맑은 소뼈해장국,"춥고 흐린날",9000
가야해장 용산본점,국밥,얼큰 소뼈해장국,"비오는날, 칼칼하게",9500
가야해장 용산본점,국밥,보양곰탕,"겨울철, 영양식 필요할때",11000
가야해장 용산본점,국밥,한우곱창국밥,"쌀쌀한날",10000
가야해장 용산본점,전골,한우곱창전골 (대),"눈오는날, 가족과 함께",40000
가야해장 용산본점,전골,한우곱창전골 (중),"비오는날, 친구들과 함께",25000
가야해장 용산본점,구이,소뼈구이 (1인),"흐림, 고소한 안주",12000
가야해장 용산본점,볶음,오징어양볶음,"흐리고 쌀쌀한날",15000
가야해장 용산본점,육회,육회 (국내산),"맑은날, 입맛없을때",18000
가야해장 용산본점,구이,한우떡갈비 (한접시),"맑은날, 특별한 식사",22000
가야해장 용산본점,구이,한우떡갈비 (반접시),"선선한날, 가볍게",13000
금강산,안주,홍어사시미,"흐리고 비오는날",30000
금강산,구이,묵은지생삼겹,"흐림, 고기 구워먹기 좋은날",18000
금강산,전골,묵은지감자탕 대,"추운날, 뜨끈하게",25000
금강산,전골,우거지감자탕 대,"겨울철, 깊은 맛이 필요할때",24000
금강산,찜,묵은지 생고기찜,"흐림, 구수한 찜 먹고싶을때",20000
금강산,찜,들깨 묵은지 생고기찜,"흐림, 담백한 맛이 땡기는날",21000
금강산,국밥,우거지뼈해장국,"춥거나 숙취날",8000
금강산,국,청국장,"흐리고 선선한날",7000
금강산,볶음,제육볶음,"맑은날, 든든한 점심",8500
금강산,찌개,김치찌개,"흐림, 비오는날",7500
금강산,찌개,돼지 된장찌개,"흐림, 구수한게 땡기는날",7000
금강산,찌개,바지락 된장찌개,"맑은날, 개운한 국물",8000
금강산,찌개,삼겹살 돼지 된장찌개,"흐림, 고기와 찌개 같이",9000
금강산,찌개,삼겹살 바지락 된장찌개,"흐림, 고기와 시원함 같이",9500
더함,국,전통육개장,"흐림, 몸보신하고 싶을때",9000
더함,정식,떡정식,"맑은날, 간단한 한끼",10000
더함,찌개,해물순두부,"흐림, 국물요리 먹고싶을때",8500
더함,정식,런치코스,"맑은날, 여유로운 점심",25000
더함,비빔밥,전복장비빔밥,"맑은날, 건강한 한끼",16000
더함,정식,셋더함한식코스,"특별한 날, 맑은날",30000
더함,정식,새우장정식,"흐림, 짭조름한 반찬 땡기는날",14000
더함,사이드,차돌편채,"선선한날, 가볍게 한잔",12000
더함,구이,생선구이,"맑은날, 담백한 점심",10000
더함,샐러드,더함 샐러드,"맑은날, 상쾌하게",7000
더함,구이,고추장맥적,"흐림, 구이 땡기는날",12000
더함,정식,맥정식,"맑은날, 든든한 식사",13000
더함,정식,둘더함한식코스,"맑은날, 특별한 코스",32000
와우신내떡,떡볶이세트,와우홀릭세트(2인용 세트),"비오는날, 친구랑 둘이서",15000
와우신내떡,떡볶이,와우떡볶이(밀떡+조랭이떡),"흐림, 출출한 날",8000
와우신내떡,떡볶이세트,혼떡만찬세트(인원수대로),"주말, 파티할 때",20000
달인수제한방족발 용산본점,족발,한방족발,"흐림, 가족끼리 저녁식사",25000
달인수제한방족발 용산본점,족발,보쌈,"추운날, 뜨끈하게",20000
달인수제한방족발 용산본점,족발,매운족발,"비오는날, 매콤하게",22000
달인수제한방족발 용산본점,족발,반반족발,"흐림, 다양한 맛 즐기기",23000
달인수제한방족발 용산본점,국수,막국수(소),"더운날, 시원하게",7000
달인수제한방족발 용산본점,국수,막국수(대),"더운날, 시원하게 나눠먹기",10000
달인수제한방족발 용산본점,전,고기녹두전,"흐림, 고소한 전 생각날 때",9000
달인수제한방족발 용산본점,안주,골뱅이소면,"비오는날, 술안주",12000
달인수제한방족발 용산본점,사이드,주먹밥,"흐림, 사이드로 든든하게",5000
달인수제한방족발 용산본점,족발,매운족발 미니,"흐림, 혼술 안주",12000
달인수제한방족발 용산본점,국수,냉묵사발,"더운날, 입가심",6000
달인수제한방족발 용산본점,국수,잔치국수,"맑은날, 따뜻하게",7000
달인수제한방족발 용산본점,족발,미니족발 포장판매,"선선한날, 간편하게",15000
바다잔치,코스요리,A코스,"기념일, 특별한 날",50000
바다잔치,코스요리,B코스,"주말, 가족 모임",70000
바다잔치,코스요리,C코스,"회식, 큰 모임",90000
바다잔치,회,활어모듬 대,"더운날, 시원한 회",80000
바다잔치,회,활어모듬 중,"맑은날, 회가 땡길 때",60000
바다잔치,회,광어 대,"더운날, 담백하게",70000
바다잔치,회,광어 중,"선선한날, 가볍게",50000
바다잔치,회,우럭 대,"더운날, 고소한 회",60000
바다잔치,회,우럭 중,"맑은날, 가벼운 한끼",40000
바다잔치,회,놀래미,"맑은날, 입맛 돋구기",55000
바다잔치,회,농어,"맑은날, 담백한 식사",60000
바다잔치,회,도다리/멍게/해삼/감성돔/참돔,"여름, 신선한 바다맛",70000
바다잔치,볶음,해물볶음,"흐림, 술안주로 딱",35000
바다잔치,볶음,낙지,"흐림, 매콤한게 땡기는날",30000
달볶이 숙명여대점,DIY세트,홈메뉴(DIY) 5인분,"가족끼리, 주말 저녁",20000
달볶이 숙명여대점,튀김,튀김세트,"흐림, 간식 타임",8000
달볶이 숙명여대점,순대,순대세트,"비오는날, 포근하게",9000
달볶이 숙명여대점,김밥,김밥세트,"맑은날, 가벼운 점심",8500
달볶이 숙명여대점,어묵,어묵세트,"추운날, 따뜻한 국물과",8000
달볶이 숙명여대점,떡볶이,떡볶이,"흐림, 출출한날",7000
달볶이 숙명여대점,순대,순대,"흐림, 떡볶이랑 같이",6000
달볶이 숙명여대점,튀김,튀김,"흐림, 떡볶이랑 찰떡궁합",6000
달볶이 숙명여대점,어묵,어묵,"추운날, 뜨끈하게",5000
달볶이 숙명여대점,김밥,꼬마김밥,"맑은날, 가벼운 간식",4500
달볶이 숙명여대점,튀김,어묵튀김 5개,"흐림, 바삭하게",5000
달볶이 숙명여대점,튀김,오징어튀김 1개,"흐림, 별미로",2000
남영역찹쌀잉어빵,간식,잉어빵 3마리,"추운날, 따뜻한 길거리 간식",4000
다이빙룸,파스타,레드라구 파스타,"비오는날, 든든하고 따뜻한 식사",15000
다이빙룸,스테이크,치킨 스테이크,"맑은날, 산뜻한 점심",16000
다이빙룸,스테이크,비프 큐브 스테이크,"흐림, 고기 당기는 날",18000
다이빙룸,파스타,머쉬룸 파스타,"흐림, 고소하고 따뜻한 날",14000
다이빙룸,파스타,바질 페스토 파스타,"맑은날, 가벼운 점심",13500
다이빙룸,파스타,봉골레 파스타,"더운날, 산뜻한 해산물",14000
다이빙룸,안주,감바스 알 아히요,"흐림, 와인과 함께",18000
다이빙룸,안주,치즈퐁듀칩스,"겨울, 포근한 간식",8000
다이빙룸,안주,레드라구 칩스,"비오는날, 바삭한 안주",8000
다이빙룸,안주,페퍼로니 칩스,"맑은날, 가벼운 스낵",8000
다이빙룸,주류,스텔라 생맥주,"더운날, 시원한 맥주",7000
다이빙룸,주류,유자/자몽 하이볼,"맑은날, 상큼한 저녁",7000
동아냉면 숙대2호점,사이드,만두,"흐림, 냉면과 함께",5000
동아냉면 숙대2호점,냉면,물냉면,"더운날, 푸짐하게",8500
동아냉면 숙대2호점,냉면,비빔냉면,"더운날, 푸짐하고 매콤하게",9000
베나레스 숙대점,인도요리,버터치킨,"흐림, 고소하고 든든한 날",18000
베나레스 숙대점,인도요리,치킨티카마살라,"맑은날, 향신료가 땡기는 날",17000
베나레스 숙대점,인도요리,프라운마크니,"더운날, 해산물 커리",19000
베나레스 숙대점,인도요리,팔락 파니르,"흐림, 담백한 날",16000
베나레스 숙대점,인도요리,램 빈달루,"추운날, 매콤하게",20000
베나레스 숙대점,인도요리,탄두리 치킨 비리야니,"맑은날, 향긋한 날",17000
베나레스 숙대점,인도요리,탄두리 치킨(half),"흐림, 가벼운 인도식",10000
베나레스 숙대점,인도요리,마늘난,"흐림, 커리와 찰떡궁합",3000
베나레스 숙대점,인도요리,버터난,"흐림, 부드럽게",3000
베나레스 숙대점,인도요리,플레인 난,"맑은날, 담백하게",2500
베나레스 숙대점,인도요리,샐러드 크림 프라타,"맑은날, 가벼운 브런치",3500
레이브피자,피자,슈퍼 레이브(S),"주말, 파티날",18000
레이브피자,스프,클램 차우더 스프,"추운날, 따뜻하게",6000
레이브피자,피자,치즈 피자(S),"맑은날, 담백하게",15000
레이브피자,피자,바질 마스카포네(S),"봄날, 상쾌하게",16000
레이브피자,피자,치즈 엑스터시(S),"비오는날, 진한 치즈",17000
레이브피자,피자,애시드쉬림프(S),"더운날, 상큼한 해산물",18000
레이브피자,피자,누 레이브(S),"주말, 트렌디하게",17500
레이브피자,피자,마가리따(S),"맑은날, 가볍게",15000
레이브피자,피자,페퍼로니(S),"흐림, 짭짤한 피자",16000
레이브피자,피자,하와이안(S),"더운날, 달콤하게",16000
레이브피자,피자,더블 치즈 베이컨(S),"겨울, 고소하게",17000
교촌치킨 숙대점,치킨,교촌싱글윙,"흐림, 가볍게 혼자서",7000
교촌치킨 숙대점,치킨,레드싱글윙,"비오는날, 매콤하게",7500
교촌치킨 숙대점,치킨,교촌옥수수통안심 떡볶이세트,"흐림, 푸짐한 저녁",13000
교촌치킨 숙대점,치킨,교촌오리지날(한마리),"주말, 가족끼리",18000
교촌치킨 숙대점,치킨,레드윙박스,"비오는날, 매콤한 치맥",20000
교촌치킨 숙대점,치킨,허니윙박스,"맑은날, 달콤하게",20000
교촌치킨 숙대점,치킨,후라이드윙박스,"주말, 기본은 후라이드",19000
교촌치킨 숙대점,치킨,양념치킨윙박스,"흐림, 달콤매콤하게",20000
교촌치킨 숙대점,치킨,허니오리지날(한마리),"맑은날, 달콤하게",19000
교촌치킨 숙대점,치킨,교촌후라이드,"주말, 기본으로",18000
교촌치킨 숙대점,치킨,교촌양념치킨,"흐림, 달콤매콤",19000
교촌치킨 숙대점,치킨,반반오리지날(한마리),"흐림, 다양한 맛",19000
교촌치킨 숙대점,치킨,허니순살,"맑은날, 달콤하게",17000
교촌치킨 숙대점,사이드,달걀듬뿍볶음밥,"흐림, 사이드로 든든하게",5000
츄르츄르라멘,일식,츄라멘,"비오는날, 따뜻한 국물",9000
츄르츄르라멘,일식,차슈멘(2장),"흐림, 든든하게",10000
츄르츄르라멘,일식,차슈멘(4장),"추운날, 푸짐하게",12000
츄르츄르라멘,일식,연어스시 10P,"맑은날, 가볍게",15000
츄르츄르라멘,일식,신츄멘,"비오는날, 얼큰하게",9500
츄르츄르라멘,일식,신차슈멘(2),"흐림, 얼큰하면서 든든하게",11000
츄르츄르라멘,일식,신차슈멘(4)장,"추운날, 푸짐하고 얼큰하게",13000
상록수,대표)상록수연탄모둠,"모임날, 다양하게 즐기기",25000
상록수,대표)연탄파불고기,"흐림, 불향 가득하게",15000
상록수,원조)황지살,"맑은날, 담백하게",14000
상록수,NEW)꽈배기생오겹,"주말, 색다르게",16000
상록수,원조)비빔수제비,"더운날, 시원하게",9000
상록수,NEW)역할맥st짜빠구리,"비오는날, 얼큰하게",11000
상록수,추천)시골청국장,"흐림, 구수하게",9000
상록수,NEW)깍둑목살,"추운날, 든든하게",15000
상록수,NEW)생갈매기살1600,"모임날, 구워먹기 좋게",16000
상록수,원조)오이지냉국수,"여름날, 시원하게",8000
포36거리 숙대점,소고기쌀국수,"맑은날, 가볍게",10000
포36거리 숙대점,히레가스(안심),"흐림, 든든하게",9000
포36거리 숙대점,포돈정식(양지 쌀국수+히레가스1줄),"주말, 푸짐하게",13000
포36거리 숙대점,감자말이 새우롤4pcs,"모임날, 간편하게",7000
포36거리 숙대점,칠리소스 닭어깨튀김4pcs,"비오는날, 매콤하게",8000
포36거리 숙대점,새우춘권4pcs,"모임날, 바삭하게",6000
동대문엽기떡볶이 숙대입구점,떡볶이,엽기떡볶이,"추운날, 매콤하게",12000
동대문엽기떡볶이 숙대입구점,떡볶이,마라떡볶이,"비오는날, 얼얼하게",13000
동대문엽기떡볶이 숙대입구점,떡볶이,마라로제떡볶이,"흐림, 고소하고 얼얼하게",14000
동대문엽기떡볶이 숙대입구점,닭요리,엽기닭볶음탕,"추운날, 얼큰하고 푸짐하게",17000
동대문엽기떡볶이 숙대입구점,떡볶이,2인엽기떡볶이,"주말, 친구랑 함께",23000
동대문엽기떡볶이 숙대입구점,밀키트,엽기밀키트(오리지널/착한맛),"맑은날, 간편하게",15000
동대문엽기떡볶이 숙대입구점,밀키트,로제밀키트(오리지널/착한맛),"맑은날, 간편하고 부드럽게",16000
동대문엽기떡볶이 숙대입구점,안주,엽기오돌뼈,"흐림, 매콤한 술안주",12000
동대문엽기떡볶이 숙대입구점,안주,엽기무뼈닭발,"비오는날, 매콤하게",13000
동대문엽기떡볶이 숙대입구점,안주,엽기국물닭발,"추운날, 얼큰하게",13500
동대문엽기떡볶이 숙대입구점,세트,실속세트,"주말, 가성비 있게",20000
동대문엽기떡볶이 숙대입구점,세트,베스트세트,"주말, 인기 메뉴 모음",22000
동대문엽기떡볶이 숙대입구점,세트,스페셜세트,"모임날, 푸짐하게",25000
동대문엽기떡볶이 숙대입구점,세트,닭발세트,"비오는날, 닭발과 함께",21000
몽소,빵류,파니니빵,"맑은날, 가볍게",5000
몽소,빵류,쌀치즈카스테라,"흐림, 부드럽게",5500
몽소,빵류,샌드위치,"맑은날, 든든하게",6000
몽소,빵류,쪽파베이글,"맑은날, 심플하게",4500
몽소,빵류,통밀빵,"흐림, 건강하게",4000
몽소,빵류,무화과깜빠뉴,"맑은날, 고급스럽게",6000
몽소,빵류,꿀빵,"흐림, 달콤하게",3500
몽소,빵류,해남고구마맛탕빵,"추운날, 따뜻하고 달콤하게",5000
몽소,커피,아메리카노 hot,"추운날, 따뜻하게",4000
몽소,커피,카페라떼 hot,"추운날, 부드럽게",4500
몽소,커피,바닐라라떼 hot,"추운날, 달콤하게",4800
몽소,커피,카푸치노 hot,"흐림, 부드럽게",4500
몽소,커피,카라멜라떼 hot,"추운날, 달콤하게",5000
몽소,커피,아메리카노 ice,"더운날, 시원하게",4000
몽소,커피,카페라떼 ice,"더운날, 부드럽게",4500
네코노스시 숙대점,일식,네코스시,"맑은날, 가볍게",10000
네코노스시 숙대점,일식,모듬초밥,"흐림, 신선하게",12000
네코노스시 숙대점,일식,치킨가라아게,"흐림, 바삭하게",8000
네코노스시 숙대점,일식,활어초밥,"맑은날, 신선하게",13000
네코노스시 숙대점,일식,연어초밥,"맑은날, 상큼하게",11000
네코노스시 숙대점,일식,카라동,"흐림, 든든하게",9500
네코노스시 숙대점,일식,연어동,"맑은날, 가볍게",10000
네코노스시 숙대점,일식,네코동,"흐림, 푸짐하게",11000
포라임 숙대점,아시아,차돌양지쌀국수+에그롤1+고구마롤2,"흐림, 든든하게",12000
포라임 숙대점,아시아,차돌양지쌀국수+가라아게2+고구마롤1,"흐림, 든든하게",12000
포라임 숙대점,아시아,차돌양지쌀국수+짜조2+고구마롤1,"흐림, 든든하게",12000
포라임 숙대점,아시아,차돌양지쌀국수+스프링롤2+고구마롤1,"흐림, 든든하게",12000
포라임 숙대점,아시아,차돌양지쌀국수+직화불고기덮밥,"흐림, 푸짐하게",13000
포라임 숙대점,아시아,차돌양지쌀국수+꿔이1+연유,"맑은날, 가볍게",11500
포라임 숙대점,아시아,차돌양지쌀국수+돈까스(1/2)세트,"흐림, 든든하게",12500
포라임 숙대점,아시아,직화불고기덮밥+쌀국수 2인 세트,"흐림, 푸짐하게",15000
포라임 숙대점,아시아,파인애플새우볶음밥+쌀국수 2인 세트,"맑은날, 이색적으로",15000
포라임 숙대점,아시아,노미트 쌀국수,"맑은날, 가볍게",9500
포라임 숙대점,아시아,(담백)양지쌀국수,"흐림, 따뜻하게",10000
포라임 숙대점,아시아,(숙취해소)얼큰소고기쌀국수,"비오는날, 얼큰하게",10500
포라임 숙대점,아시아,(보양)차돌양지쌀국수,"흐림, 든든하게",11000
포라임 숙대점,아시아,(불맛)직화불고기쌀국수,"흐림, 매콤하게",11000
포라임 숙대점,아시아,(쫄깃)곱창힘줄쌀국수,"흐림, 쫄깃하게",11500
라리에또 숙대점,이탈리안,리코타샐러드,"맑은날, 상큼하게",9500
라리에또 숙대점,이탈리안,아라비아따 펜네,"흐림, 매콤하게",11000
라리에또 숙대점,이탈리안,토마토 조개 스파게티,"맑은날, 담백하게",12000
라리에또 숙대점,이탈리안,마일드 토마토 새우 스파게티,"맑은날, 부드럽게",12500
라리에또 숙대점,이탈리안,치킨 토마토 스파게티,"흐림, 든든하게",12000
라리에또 숙대점,이탈리안,토마토 크림치즈 펜네,"흐림, 고소하게",11500
육쌈냉면 숙대점,한식,냉면+숯불고기,"더운날, 시원하게",11000
육쌈냉면 숙대점,한식,비빔밥+숯불고기,"맑은날, 든든하게",10500
육쌈냉면 숙대점,한식,된장찌개,"흐림, 따뜻하게",8000
육쌈냉면 숙대점,한식,김치찌개+숯불고기,"비오는날, 얼큰하게",9500
육쌈냉면 숙대점,한식,고기만두,"흐림, 든든하게",4000
리또리또,멕시칸,브리또,"맑은날, 간편하게",7000
숙대소반,한식,쫄면순두부 + 돈가스,"흐림, 든든하게",10000
숙대소반,한식,쫄면순두부 + 치즈알밥,"흐림, 든든하게",9500
숙대소반,한식,굴순두부,"추운날, 따뜻하게",8500
숙대소반,한식,뚝제육,"흐림, 든든하게",9000
숙대소반,한식,뚝불고기,"흐림, 든든하게",9000
숙대소반,한식,쫄순이,"흐림, 간편하게",7500
숙대소반,한식,부대찌개,"비오는날, 얼큰하게",9500
숙대소반,한식,김치치즈밥,"흐림, 고소하게",8000
숙대소반,한식,정식,"흐림, 든든하게",9500
숙대소반,한식,돈가스,"맑은날, 바삭하게",8500
숙대소반,한식,함박,"흐림, 든든하게",8500
숙대소반,한식,치즈알밥,"흐림, 고소하게",7000
숙대소반,한식,돈가스or함박 순두부,"흐림, 든든하게",10000
한끼마끼 숙대점,일식,반끼베스트세트,"맑은날, 든든하게",12000
한끼마끼 숙대점,일식,살몬아보카도,"맑은날, 상큼하게",11000
한끼마끼 숙대점,일식,유부베스트세트,"흐림, 든든하게",9500
한끼마끼 숙대점,일식,살몬러버유부세트,"흐림, 상큼하게",10000
한끼마끼 숙대점,일식,유부베이직세트,"흐림, 간편하게",8500
한끼마끼 숙대점,일식,내맘대로초이스세트,"맑은날, 자유롭게",11000
한끼마끼 숙대점,일식,생연어유부초밥,"맑은날, 상큼하게",9000
한끼마끼 숙대점,일식,우니이쿠라유부초밥,"맑은날, 고급스럽게",13000
한끼마끼 숙대점,일식,해초샐러드유부초밥,"흐림, 가볍게",8500
한끼마끼 숙대점,일식,허브딜치킨유부초밥,"흐림, 담백하게",8500
한끼마끼 숙대점,일식,그릴드관자유부초밥,"흐림, 고소하게",9500
한끼마끼 숙대점,일식,낙지탕탕유부초밥,"맑은날, 이색적으로",9500
샐러디 숙명여대점,샐러드,로스트닭다리살 샐러드,"맑은날, 상큼하게",10000
샐러디 숙명여대점,샐러드,칠리베이컨 포케볼,"흐림, 든든하게",10500
샐러디 숙명여대점,샌드위치,멕시칸 랩 샌드위치,"맑은날, 간편하게",9500
샐러디 숙명여대점,샌드위치,에그베이컨 샌드,"흐림, 부드럽게",8500
샐러디 숙명여대점,샌드위치,바베큐닭다리살 샌드,"흐림, 든든하게",9500
샐러디 숙명여대점,샐러드,그라브락스 연어 포케볼,"맑은날, 상큼하게",11000
샐러디 숙명여대점,샐러드,로스트삼겹 포케볼,"흐림, 든든하게",11000
샐러디 숙명여대점,샐러드,탄단지 샐러드,"흐림, 건강하게",9500
샐러디 숙명여대점,샐러드,콥 샐러드,"흐림, 든든하게",10500
샐러디 숙명여대점,샐러드,노릇두부단호박 샐러드,"흐림, 건강하게",9500
샐러디 숙명여대점,누들볼,그라브락스 연어 파스타 누들볼,"맑은날, 이색적으로",11000
샐러디 숙명여대점,누들볼,우삼겹메밀면 누들볼,"흐림, 든든하게",10500
샐러디 숙명여대점,누들볼,갈빗살메밀면 누들볼,"흐림, 든든하게",11000
샐러디 숙명여대점,샐러드,우삼겹 포케볼,"흐림, 든든하게",10500
샐러디 숙명여대점,샐러드,바베큐닭다리살 포케볼,"흐림, 든든하게",10500
샐러디 숙명여대점,샐러드,더블 닭다리살 박스(도시락),"흐림, 푸짐하게",11000
샐러디 숙명여대점,샐러드,더블 치킨 파스타 박스(도시락),"흐림, 푸짐하게",11500
샐러디 숙명여대점,샐러드,더블 비프 박스(도시락),"흐림, 푸짐하게",12000
샐러디 숙명여대점,샐러드,더블 삼겹 박스(도시락),"흐림, 푸짐하게",12000
샐러디 숙명여대점,샌드위치,에그마요 샌드,"흐림, 부드럽게",8500
샐러디 숙명여대점,샌드위치,치킨토마토 샌드,"흐림, 든든하게",9500
샐러디 숙명여대점,샌드위치,바베큐닭다리살 샌드,"흐림, 든든하게",9500
샐러디 숙명여대점,랩 샌드위치,에그마요 랩 샌드위치,"맑은날, 가볍게",8500
샐러디 숙명여대점,랩 샌드위치,멕시칸 랩 샌드위치,"맑은날, 간편하게",9000
샐러디 숙명여대점,랩 샌드위치,시저치킨 랩 샌드위치,"흐림, 든든하게",9500
샐러디 숙명여대점,랩 샌드위치,그라브락스 연어 랩 샌드위치,"맑은날, 상큼하게",9500
샐러디 숙명여대점,랩 샌드위치,로스트닭다리살 랩 샌드위치,"흐림, 든든하게",9500
샐러디 숙명여대점,샐러드,마이 샐러디(채소볼),"맑은날, 가볍게",9000
샐러디 숙명여대점,샐러드,마이 샐러디(포케볼),"흐림, 든든하게",9500
샐러디 숙명여대점,샐러드,마이 샐러디(메밀면볼),"흐림, 든든하게",9500
샐러디 숙명여대점,샐러드,마이 샐러디(바질파스타볼),"맑은날, 이색적으로",10000
샐러디 숙명여대점,스프,양송이 크림스프,"추운날, 따뜻하게",4500
샐러디 숙명여대점,스프,단호박 크림스프,"추운날, 달콤하게",4500
샐러디 숙명여대점,스튜,치킨토마토 스튜,"흐림, 든든하게",6500
샐러디 숙명여대점,스프,포테이토 크림스프,"흐림, 부드럽게",4500
키토리,김밥,키토리 김밥,"맑은날, 든든하게",4500
키토리,김밥,야채 듬뿍 샐러드 키토김밥,"흐림, 건강하게",5000
키토리,김밥,와사비마요 참치 키토김밥,"맑은날, 개운하게",5000
키토리,김밥,새우튀김 키토김밥,"맑은날, 바삭하게",5500
키토리,닭강정,수제닭강정M,"흐림, 든든하게",9000
키토리,닭강정,수제닭강정L,"흐림, 푸짐하게",13000
마시앤바시,파스타,백김치 크림 파스타,"흐림, 고소하게",11000
마시앤바시,파스타,시금치 크림 파스타,"흐림, 고소하게",11000
마시앤바시,메인,차이나치킨,"흐림, 든든하게",9000
또와또 본점,즉석떡볶이,또와떡불,"흐림, 얼큰하게",8000
또와또 본점,즉석떡볶이,버섯떡불,"흐림, 담백하게",8500
또와또 본점,즉석떡볶이,해물떡불,"흐림, 시원하게",9000
또와또 본점,즉석떡볶이,모듬떡불,"흐림, 푸짐하게",9500
또와또 본점,즉석떡볶이,야채즉석떡볶이,"맑은날, 담백하게",8000
또와또 본점,즉석떡볶이,치즈즉석떡볶이,"흐림, 고소하게",8500
또와또 본점,즉석떡볶이,불고기즉석떡볶이,"흐림, 든든하게",8500
또와또 본점,즉석떡볶이,해물즉석떡볶이,"흐림, 시원하게",9000
또와또 본점,즉석떡볶이,모듬즉석떡볶이,"흐림, 푸짐하게",9500
또와또 본점,즉석떡볶이,모듬스페셜즉석떡볶이,"흐림, 아주 푸짐하게",10000
비일,코스,All day,"맑은날, 가볍게",15000
비일,코스,Dinner,"저녁, 여유롭게",25000
탕화쿵푸마라탕 숙대점,마라,마라탕,"추운날, 얼큰하게",10000
탕화쿵푸마라탕 숙대점,마라,마라샹궈,"추운날, 얼큰하게",12000
탕화쿵푸마라탕 숙대점,튀김,꿔바로우小,"흐림, 바삭하게",8000
탕화쿵푸마라탕 숙대점,튀김,꿔바로우大,"흐림, 바삭하게",13000
춘리마라탕 숙대점,마라,셀프 마라탕,"흐림, 얼큰하게",9000
춘리마라탕 숙대점,마라,불맛 일품 마라샹궈,"흐림, 얼큰하게",21000
타코비 숙명여대점,타코야끼,오리지널(7/10/15알),"맑은날, 간편하게",6000
타코비 숙명여대점,타코야끼,갈릭치즈(7/10/15알),"맑은날, 고소하게",7000
타코비 숙명여대점,타코야끼,와사비마요(7/10/15알),"맑은날, 개운하게",7000
타코비 숙명여대점,타코야끼,치즈맛(7/10/15알),"흐림, 고소하게",7000
타코비 숙명여대점,타코야끼,명란마요(7/10/15알),"맑은날, 이색적으로",7000
타코비 숙명여대점,타코야끼,매운맛(7/10/15알),"흐림, 얼큰하게",7000
타코비 숙명여대점,타코야끼,아주매운맛(7/10/15알),"흐림, 아주 얼큰하게",7000
타코비 숙명여대점,타코야끼,매콤치즈(7/10/15알),"흐림, 고소하게",7000
타코비 숙명여대점,타코야끼,매콤갈릭(7/10/15알),"흐림, 매콤하게",7000
타코비 숙명여대점,타코야끼,매콤명란(7/10/15알),"흐림, 매콤하고 고소하게",7000
홍곱창 숙명여대점,곱창,데리야끼막창,"흐림, 달콤하게",12000
홍곱창 숙명여대점,곱창,야채곱창,"흐림, 담백하게",12000
홍곱창 숙명여대점,곱창,핵마늘막창,"흐림, 매콤하게",13000
홍곱창 숙명여대점,곱창,불곱창,"흐림, 얼큰하게",13000
홍곱창 숙명여대점,곱창,순대곱창,"흐림, 푸짐하게",12000
홍곱창 숙명여대점,곱창,알곱창,"흐림, 이색적으로",12000
홍곱창 숙명여대점,곱창,치즈불곱창,"흐림, 고소하게",13000
홍곱창 숙명여대점,곱창,소금구이막창,"흐림, 깔끔하게",12000
홍곱창 숙명여대점,곱창,양념막창,"흐림, 달콤하게",12000
홍곱창 숙명여대점,곱창,불막창,"흐림, 얼큰하게",13000
다온베이글,커피,솔티드 아인슈페너,"흐림, 달콤하게",5000
다온베이글,베이글,프로슈토 베이글 샌드위치,"맑은날, 든든하게",7000
다온베이글,베이글,수제 카이막 베이글,"맑은날, 달콤하게",6000
다온베이글,음료,수제 밀크티,"흐림, 부드럽게",5000
다온베이글,베이글,포테이토 치즈 베이글,"흐림, 고소하게",5500
다온베이글,베이글,플레인 베이글,"맑은날, 기본으로",3000
다온베이글,커피,솔티드 아인슈페너 라떼,"흐림, 달콤하게",5500
다온베이글,베이글,참깨 베이글,"맑은날, 고소하게",3200
다온베이글,베이글,에브리띵 베이글,"맑은날, 다양한 맛으로",3500
다온베이글,베이글,바질 베이글,"맑은날, 향긋하게",3500
다온베이글,베이글,블루베리 베이글,"흐림, 달콤하게",3500
다온베이글,베이글,초콜릿 베이글,"흐림, 달콤하게",3500
다온베이글,베이글,페퍼로니 피자 베이글,"맑은날, 든든하게",4000
다온베이글,베이글,초코나무숲 베이글,"흐림, 달콤하게",4000
다온베이글,베이글,스윗펌킨 치즈 베이글,"흐림, 달콤하고 부드럽게",4500
빨봉분식 숙명여대점,분식,빨봉떡볶이,"흐림, 얼큰하게",5000
빨봉분식 숙명여대점,분식,빨봉돈까스,"맑은날, 든든하게",7000
빨봉분식 숙명여대점,덮밥,연탄불고기덮밥,"흐림, 든든하게",7000
빨봉분식 숙명여대점,분식,오므라이스,"흐림, 부드럽게",6000
빨봉분식 숙명여대점,분식,쫄면,"맑은날, 새콤하게",5000
빨봉분식 숙명여대점,튀김,모듬튀김,"흐림, 바삭하게",4000
빨봉분식 숙명여대점,떡볶이,치즈떡볶이,"흐림, 고소하게",5500
루다브레드,빵,무화과 와인스틱,"흐림, 고급스럽게",5000
루다브레드,빵,마롱 깜파뉴,"흐림, 고소하게",4500
루다브레드,빵,크림치즈 카페모카,"흐림, 달콤하게",4800
루다브레드,빵,슈크림 브리오슈,"흐림, 부드럽게",4500
루다브레드,빵,연유 버터 프레첼,"흐림, 달콤하게",4300
루다브레드,빵,초코 토네이도,"흐림, 달콤하게",4500
루다브레드,샌드위치,크로와상샌드위치,"맑은날, 가볍게",5000
루다브레드,샌드위치,베이글 샌드위치,"맑은날, 든든하게",5000
루다브레드,샌드위치,치아바타샌드위치,"흐림, 담백하게",5000
루다브레드,빵,앙버터,"흐림, 달콤하게",4500
루다브레드,빵,소금빵,"맑은날, 심플하게",3000
먼데이피크닉,디저트,까눌레,"맑은날, 달콤하게",3000
먼데이피크닉,디저트,에그타르트,"맑은날, 부드럽게",3200
먼데이피크닉,디저트,휘낭시에,"맑은날, 달콤하게",2500
먼데이피크닉,디저트,수제쿠키14종,"맑은날, 다양하게",5000
먼데이피크닉,디저트,다양한구움과자,"맑은날, 다양하게",5000