place_name,region,menu_name,menu_price,address,url,allergy
일신기사식당,청파동,순두부,8000.0,서울 용산구 청파동2가 1-146,https://pcmap.place.naver.com/place/18717848,땅콩/대두
일신기사식당,청파동,삼계탕,10000.0,서울 용산구 청파동2가 1-146,https://pcmap.place.naver.com/place/18717848,고기
일신기사식당,청파동,불고기백반,12000.0,서울 용산구 청파동2가 1-146,https://pcmap.place.naver.com/place/18717848,고기
정,청파동,매운맛 탕수육 (소),15000.0,서울 용산구 청파동2가 67-6,https://pcmap.place.naver.com/place/11600155,"밀, 고기"
정,청파동,고추간짜장,9000.0,서울 용산구 청파동2가 67-6,https://pcmap.place.naver.com/place/11600155,"밀, 고기"
정,청파동,탕수육 (소),14000.0,서울 용산구 청파동2가 67-6,https://pcmap.place.naver.com/place/11600155,"밀, 고기"
정,청파동,깐풍기(소),16000.0,서울 용산구 청파동2가 67-6,https://pcmap.place.naver.com/place/11600155,고기
정,청파동,삼선짬뽕,10000.0,서울 용산구 청파동2가 67-6,https://pcmap.place.naver.com/place/11600155,밀
정,청파동,고추짜장,8500.0,서울 용산구 청파동2가 67-6,https://pcmap.place.naver.com/place/11600155,밀
정,청파동,전가복 (소),25000.0,서울 용산구 청파동2가 67-6,https://pcmap.place.naver.com/place/11600155,"달걀, 고기"
정,청파동,홍소탕면,9500.0,서울 용산구 청파동2가 67-6,https://pcmap.place.naver.com/place/11600155,"밀, 고기"
와플하우스,청파동,딸기빙수,8500.0,서울 용산구 청파동2가 71-75,https://pcmap.place.naver.com/place/11620882,없음
와플하우스,청파동,버터&잼 와플,7000.0,서울 용산구 청파동2가 71-75,https://pcmap.place.naver.com/place/11620882,"밀, 우유"
와플하우스,청파동,카라멜라떼,6000.0,서울 용산구 청파동2가 71-75,https://pcmap.place.naver.com/place/11620882,우유
와플하우스,청파동,바닐라라떼,6000.0,서울 용산구 청파동2가 71-75,https://pcmap.place.naver.com/place/11620882,우유
와플하우스,청파동,카페라떼,5500.0,서울 용산구 청파동2가 71-75,https://pcmap.place.naver.com/place/11620882,우유
와플하우스,청파동,헤이즐넛아메리카노,5000.0,서울 용산구 청파동2가 71-75,https://pcmap.place.naver.com/place/11620882,없음
와플하우스,청파동,아메리카노,4500.0,서울 용산구 청파동2가 71-75,https://pcmap.place.naver.com/place/11620882,없음
와플하우스,청파동,에그버거,7500.0,서울 용산구 청파동2가 71-75,https://pcmap.place.naver.com/place/11620882,"달걀, 밀"
와플하우스,청파동,불고기버거,8000.0,서울 용산구 청파동2가 71-75,https://pcmap.place.naver.com/place/11620882,"밀, 고기"
와플하우스,청파동,커피쉐이크,7000.0,서울 용산구 청파동2가 71-75,https://pcmap.place.naver.com/place/11620882,우유
와플하우스,청파동,청포도에이드,6500.0,서울 용산구 청파동2가 71-75,https://pcmap.place.naver.com/place/11620882,없음
와플하우스,청파동,베리베리에이드,6500.0,서울 용산구 청파동2가 71-75,https://pcmap.place.naver.com/place/11620882,없음
와플하우스,청파동,요크셔밀크티,5500.0,서울 용산구 청파동2가 71-75,https://pcmap.place.naver.com/place/11620882,우유
쌍대포 본점,청파동,일삼꼬들,15000.0,서울 용산구 청파동2가 95,https://pcmap.place.naver.com/place/11711391,고기
쌍대포 본점,청파동,한방껍데기,12000.0,서울 용산구 청파동2가 95,https://pcmap.place.naver.com/place/11711391,고기
쌍대포 본점,청파동,생오겹,16000.0,서울 용산구 청파동2가 95,https://pcmap.place.naver.com/place/11711391,고기
쌍대포 본점,청파동,생삼겹살,16000.0,서울 용산구 청파동2가 95,https://pcmap.place.naver.com/place/11711391,고기
쌍대포 본점,청파동,통갈매기살,15000.0,서울 용산구 청파동2가 95,https://pcmap.place.naver.com/place/11711391,고기
쌍대포 본점,청파동,항정살,17000.0,서울 용산구 청파동2가 95,https://pcmap.place.naver.com/place/11711391,고기
쌍대포 본점,청파동,대구막창,18000.0,서울 용산구 청파동2가 95,https://pcmap.place.naver.com/place/11711391,고기
쌍대포 본점,청파동,양념돼지갈비,15000.0,서울 용산구 청파동2가 95,https://pcmap.place.naver.com/place/11711391,고기
쌍대포 본점,청파동,차돌된장밥,8000.0,서울 용산구 청파동2가 95,https://pcmap.place.naver.com/place/11711391,"땅콩/대두, 고기"
쌍대포 본점,청파동,순두부찌개,7000.0,서울 용산구 청파동2가 95,https://pcmap.place.naver.com/place/11711391,땅콩/대두
쌍대포 본점,청파동,차돌 된장찌개,7500.0,서울 용산구 청파동2가 95,https://pcmap.place.naver.com/place/11711391,"땅콩/대두, 고기"
쌍대포 본점,청파동,생고기김치찌개,8000.0,서울 용산구 청파동2가 95,https://pcmap.place.naver.com/place/11711391,없음
쌍대포 본점,청파동,치즈 계란말이,9000.0,서울 용산구 청파동2가 95,https://pcmap.place.naver.com/place/11711391,"달걀, 우유"
삼정카페,청파동,삼정프렌치토스트,8500.0,서울 용산구 청파동3가 132-48,https://pcmap.place.naver.com/place/37160501,밀
삼정카페,청파동,토마토스튜,9500.0,서울 용산구 청파동3가 132-48,https://pcmap.place.naver.com/place/37160501,우유
삼정카페,청파동,스탠다드샌드위치,8000.0,서울 용산구 청파동3가 132-48,https://pcmap.place.naver.com/place/37160501,밀
삼정카페,청파동,베이직프렌치토스트,7500.0,서울 용산구 청파동3가 132-48,https://pcmap.place.naver.com/place/37160501,밀
삼정카페,청파동,아이스크림 프렌치토스트,9000.0,서울 용산구 청파동3가 132-48,https://pcmap.place.naver.com/place/37160501,"밀, 우유"
삼정카페,청파동,바나나푸딩토스트,8500.0,서울 용산구 청파동3가 132-48,https://pcmap.place.naver.com/place/37160501,"밀, 우유"
삼정카페,청파동,트리플치즈프렌치토스트,9500.0,서울 용산구 청파동3가 132-48,https://pcmap.place.naver.com/place/37160501,"밀, 우유"
삼정카페,청파동,잠봉프렌치토스트,9500.0,서울 용산구 청파동3가 132-48,https://pcmap.place.naver.com/place/37160501,밀
까치네,청파동,쫄면순두부,7500.0,서울 용산구 청파동3가 24-71,https://pcmap.place.naver.com/place/1027383007,"밀, 땅콩/대두"
까치네,청파동,치킨+돈가스+쫄순,9500.0,서울 용산구 청파동3가 24-71,https://pcmap.place.naver.com/place/1027383007,"달걀, 밀, 고기"
까치네,청파동,쫄순+치즈알밥,8500.0,서울 용산구 청파동3가 24-71,https://pcmap.place.naver.com/place/1027383007,우유
까치네,청파동,돈가스+냉면,8500.0,서울 용산구 청파동3가 24-71,https://pcmap.place.naver.com/place/1027383007,"달걀, 밀"
까치네,청파동,돈가스+순두부,8500.0,서울 용산구 청파동3가 24-71,https://pcmap.place.naver.com/place/1027383007,"달걀, 밀, 땅콩/대두"
까치네,청파동,치킨가스+냉면,8500.0,서울 용산구 청파동3가 24-71,https://pcmap.place.naver.com/place/1027383007,"밀, 고기"
까치네,청파동,치킨가스+쫄순,8500.0,서울 용산구 청파동3가 24-71,https://pcmap.place.naver.com/place/1027383007,"밀, 고기"
까치네,청파동,냉면+치즈알밥,7500.0,서울 용산구 청파동3가 24-71,https://pcmap.place.naver.com/place/1027383007,"밀, 우유"
까치네,청파동,돈가스,7500.0,서울 용산구 청파동3가 24-71,https://pcmap.place.naver.com/place/1027383007,"달걀, 밀"
까치네,청파동,김치볶음밥,7000.0,서울 용산구 청파동3가 24-71,https://pcmap.place.naver.com/place/1027383007,없음
까치네,청파동,오므라이스,7000.0,서울 용산구 청파동3가 24-71,https://pcmap.place.naver.com/place/1027383007,없음
까치네,청파동,제육덮밥,7500.0,서울 용산구 청파동3가 24-71,https://pcmap.place.naver.com/place/1027383007,고기
까치네,청파동,알밥,7000.0,서울 용산구 청파동3가 24-71,https://pcmap.place.naver.com/place/1027383007,없음
까치네,청파동,치즈알밥,7500.0,서울 용산구 청파동3가 24-71,https://pcmap.place.naver.com/place/1027383007,우유
버거인,청파동,지못미버거,7000.0,서울 용산구 청파동3가 44,https://pcmap.place.naver.com/place/36314854,밀
버거인,청파동,더블버거,8500.0,서울 용산구 청파동3가 44,https://pcmap.place.naver.com/place/36314854,밀
버거인,청파동,에그뿜뿜,7500.0,서울 용산구 청파동3가 44,https://pcmap.place.naver.com/place/36314854,달걀
버거인,청파동,하와이안버거,8000.0,서울 용산구 청파동3가 44,https://pcmap.place.naver.com/place/36314854,밀
버거인,청파동,싱글버거,6500.0,서울 용산구 청파동3가 44,https://pcmap.place.naver.com/place/36314854,밀
두리식당,청파동,된장찌개,7000.0,서울 용산구 청파동3가 50-1,https://pcmap.place.naver.com/place/18718055,땅콩/대두
두리식당,청파동,김치찌개,7500.0,서울 용산구 청파동3가 50-1,https://pcmap.place.naver.com/place/18718055,없음
두리식당,청파동,동태찌개,8000.0,서울 용산구 청파동3가 50-1,https://pcmap.place.naver.com/place/18718055,밀
두리식당,청파동,부대찌개,8500.0,서울 용산구 청파동3가 50-1,https://pcmap.place.naver.com/place/18718055,밀
해바라기정육식당 청파점,청파동,소한마리(미국산) 1kg,40000.0,서울 용산구 청파동2가 92,https://pcmap.place.naver.com/place/1714717321,고기
해바라기정육식당 청파점,청파동,소반마리(미국산) 500g,22000.0,서울 용산구 청파동2가 92,https://pcmap.place.naver.com/place/1714717321,고기
해바라기정육식당 청파점,청파동,소반+돼반 1kg,35000.0,서울 용산구 청파동2가 92,https://pcmap.place.naver.com/place/1714717321,고기
해바라기정육식당 청파점,청파동,국내산숙성등심 200g,18000.0,서울 용산구 청파동2가 92,https://pcmap.place.naver.com/place/1714717321,고기
해바라기정육식당 청파점,청파동,갈비살 200g,17000.0,서울 용산구 청파동2가 92,https://pcmap.place.naver.com/place/1714717321,고기
해바라기정육식당 청파점,청파동,우삼겹 200g,16000.0,서울 용산구 청파동2가 92,https://pcmap.place.naver.com/place/1714717321,고기
해바라기정육식당 청파점,청파동,육회 200g,20000.0,서울 용산구 청파동2가 92,https://pcmap.place.naver.com/place/1714717321,고기
해바라기정육식당 청파점,청파동,육회 소 100g,11000.0,서울 용산구 청파동2가 92,https://pcmap.place.naver.com/place/1714717321,고기
해바라기정육식당 청파점,청파동,돼지한마리 1kg,25000.0,서울 용산구 청파동2가 92,https://pcmap.place.naver.com/place/1714717321,고기
해바라기정육식당 청파점,청파동,돼지반마리 500g,13000.0,서울 용산구 청파동2가 92,https://pcmap.place.naver.com/place/1714717321,고기
해바라기정육식당 청파점,청파동,국내산 생삼겹 200g,11000.0,서울 용산구 청파동2가 92,https://pcmap.place.naver.com/place/1714717321,고기
해바라기정육식당 청파점,청파동,국내산 오겹살 200g,11000.0,서울 용산구 청파동2가 92,https://pcmap.place.naver.com/place/1714717321,고기
해바라기정육식당 청파점,청파동,항정살 200g,12000.0,서울 용산구 청파동2가 92,https://pcmap.place.naver.com/place/1714717321,고기
해바라기정육식당 청파점,청파동,생목살 200g,11000.0,서울 용산구 청파동2가 92,https://pcmap.place.naver.com/place/1714717321,고기
해바라기정육식당 청파점,청파동,돼지양념구이 300g,10000.0,서울 용산구 청파동2가 92,https://pcmap.place.naver.com/place/1714717321,고기
양평매운탕,청파동,빠가+메기 특대,40000.0,서울 용산구 청파동1가 149-2,https://pcmap.place.naver.com/place/19882498,없음
양평매운탕,청파동,빠가사리 특,35000.0,서울 용산구 청파동1가 149-2,https://pcmap.place.naver.com/place/19882498,없음
양평매운탕,청파동,메기 특,30000.0,서울 용산구 청파동1가 149-2,https://pcmap.place.naver.com/place/19882498,없음
양평매운탕,청파동,빙어튀김,15000.0,서울 용산구 청파동1가 149-2,https://pcmap.place.naver.com/place/19882498,밀
부암동치킨 숙대점,청파동,후라이드치킨,18000.0,서울 용산구 청파동3가 111-35,https://pcmap.place.naver.com/place/31413184,고기
부암동치킨 숙대점,청파동,매콤 양념치킨,19000.0,서울 용산구 청파동3가 111-35,https://pcmap.place.naver.com/place/31413184,고기
부암동치킨 숙대점,청파동,골뱅이 국수,12000.0,서울 용산구 청파동3가 111-35,https://pcmap.place.naver.com/place/31413184,밀
부암동치킨 숙대점,청파동,부산오뎅탕,10000.0,서울 용산구 청파동3가 111-35,https://pcmap.place.naver.com/place/31413184,없음
부암동치킨 숙대점,청파동,닭모래집,9000.0,서울 용산구 청파동3가 111-35,https://pcmap.place.naver.com/place/31413184,고기
굴다리소곱창,청파동,소곱창(1인분),18000.0,서울 용산구 청파동3가 48-4,https://pcmap.place.naver.com/place/18718329,고기
굴다리소곱창,청파동,대창(1인분),17000.0,서울 용산구 청파동3가 48-4,https://pcmap.place.naver.com/place/18718329,고기
굴다리소곱창,청파동,염통(1인분),15000.0,서울 용산구 청파동3가 48-4,https://pcmap.place.naver.com/place/18718329,고기
가야해장 용산본점,청파동,맑은 소뼈해장국,9000.0,서울 용산구 청파동2가 96-1,https://pcmap.place.naver.com/place/1993977929,고기
가야해장 용산본점,청파동,얼큰 소뼈해장국,9500.0,서울 용산구 청파동2가 96-1,https://pcmap.place.naver.com/place/1993977929,고기
가야해장 용산본점,청파동,보양곰탕,11000.0,서울 용산구 청파동2가 96-1,https://pcmap.place.naver.com/place/1993977929,고기
가야해장 용산본점,청파동,한우곱창국밥,10000.0,서울 용산구 청파동2가 96-1,https://pcmap.place.naver.com/place/1993977929,고기
가야해장 용산본점,청파동,한우곱창전골(대),40000.0,서울 용산구 청파동2가 96-1,https://pcmap.place.naver.com/place/1993977929,"달걀, 고기"
가야해장 용산본점,청파동,한우곱창전골(중),25000.0,서울 용산구 청파동2가 96-1,https://pcmap.place.naver.com/place/1993977929,"달걀, 고기"
가야해장 용산본점,청파동,소뼈구이 (1인),12000.0,서울 용산구 청파동2가 96-1,https://pcmap.place.naver.com/place/1993977929,고기
가야해장 용산본점,청파동,오징어양볶음,15000.0,서울 용산구 청파동2가 96-1,https://pcmap.place.naver.com/place/1993977929,없음
가야해장 용산본점,청파동,육회,18000.0,서울 용산구 청파동2가 96-1,https://pcmap.place.naver.com/place/1993977929,고기
가야해장 용산본점,청파동,한우떡갈비 (한접시),22000.0,서울 용산구 청파동2가 96-1,https://pcmap.place.naver.com/place/1993977929,"밀, 고기"
가야해장 용산본점,청파동,한우떡갈비 (반접시),13000.0,서울 용산구 청파동2가 96-1,https://pcmap.place.naver.com/place/1993977929,"밀, 고기"
금강산,청파동,홍어사시미,30000.0,서울 용산구 청파동2가 114-3,https://pcmap.place.naver.com/place/13326495,없음
금강산,청파동,묵은지생삼겹,18000.0,서울 용산구 청파동2가 114-3,https://pcmap.place.naver.com/place/13326495,"땅콩/대두, 고기"
금강산,청파동,묵은지감자탕 대,25000.0,서울 용산구 청파동2가 114-3,https://pcmap.place.naver.com/place/13326495,땅콩/대두
금강산,청파동,우거지감자탕 대,24000.0,서울 용산구 청파동2가 114-3,https://pcmap.place.naver.com/place/13326495,없음
금강산,청파동,묵은지 생고기찜,20000.0,서울 용산구 청파동2가 114-3,https://pcmap.place.naver.com/place/13326495,땅콩/대두
금강산,청파동,들깨 묵은지 생고기찜,21000.0,서울 용산구 청파동2가 114-3,https://pcmap.place.naver.com/place/13326495,땅콩/대두
금강산,청파동,우거지뼈해장국,8000.0,서울 용산구 청파동2가 114-3,https://pcmap.place.naver.com/place/13326495,없음
금강산,청파동,청국장,7000.0,서울 용산구 청파동2가 114-3,https://pcmap.place.naver.com/place/13326495,땅콩/대두
금강산,청파동,제육볶음,8500.0,서울 용산구 청파동2가 114-3,https://pcmap.place.naver.com/place/13326495,고기
금강산,청파동,김치찌개,7500.0,서울 용산구 청파동2가 114-3,https://pcmap.place.naver.com/place/13326495,없음
금강산,청파동,돼지 된장찌개,7000.0,서울 용산구 청파동2가 114-3,https://pcmap.place.naver.com/place/13326495,"땅콩/대두, 고기"
금강산,청파동,바지락 된장찌개,8000.0,서울 용산구 청파동2가 114-3,https://pcmap.place.naver.com/place/13326495,땅콩/대두
금강산,청파동,삼겹살 돼지 된장찌개,9000.0,서울 용산구 청파동2가 114-3,https://pcmap.place.naver.com/place/13326495,"땅콩/대두, 고기"
금강산,청파동,삼겹살 바지락 된장찌개,9500.0,서울 용산구 청파동2가 114-3,https://pcmap.place.naver.com/place/13326495,"땅콩/대두, 고기"
더함,청파동,전통육개장,9000.0,서울 용산구 청파동2가 71-88,https://pcmap.place.naver.com/place/13586350,"달걀, 고기"
더함,청파동,해물순두부,8500.0,서울 용산구 청파동2가 71-88,https://pcmap.place.naver.com/place/13586350,땅콩/대두
더함,청파동,전복장비빔밥,16000.0,서울 용산구 청파동2가 71-88,https://pcmap.place.naver.com/place/13586350,달걀
더함,청파동,새우장정식,14000.0,서울 용산구 청파동2가 71-88,https://pcmap.place.naver.com/place/13586350,갑각류
더함,청파동,차돌편채,12000.0,서울 용산구 청파동2가 71-88,https://pcmap.place.naver.com/place/13586350,고기
더함,청파동,생선구이,10000.0,서울 용산구 청파동2가 71-88,https://pcmap.place.naver.com/place/13586350,없음
더함,청파동,더함 샐러드,7000.0,서울 용산구 청파동2가 71-88,https://pcmap.place.naver.com/place/13586350,없음
더함,청파동,고추장맥적,12000.0,서울 용산구 청파동2가 71-88,https://pcmap.place.naver.com/place/13586350,땅콩/대두
와우신내떡,청파동,와우홀릭세트(2인용 세트),15000.0,서울 용산구 청파동3가 24-73,https://pcmap.place.naver.com/place/34937184,없음
와우신내떡,청파동,와우떡볶이(밀떡+조랭이떡),8000.0,서울 용산구 청파동3가 24-73,https://pcmap.place.naver.com/place/34937184,밀
와우신내떡,청파동,혼떡만찬세트(인원수대로),20000.0,서울 용산구 청파동3가 24-73,https://pcmap.place.naver.com/place/34937184,밀
달인수제한방족발 용산본점,청파동,한방족발,25000.0,서울 용산구 청파동3가 84-4,https://pcmap.place.naver.com/place/31542967,고기
달인수제한방족발 용산본점,청파동,보쌈,20000.0,서울 용산구 청파동3가 84-4,https://pcmap.place.naver.com/place/31542967,고기
달인수제한방족발 용산본점,청파동,매운족발,22000.0,서울 용산구 청파동3가 84-4,https://pcmap.place.naver.com/place/31542967,고기
달인수제한방족발 용산본점,청파동,반반족발,23000.0,서울 용산구 청파동3가 84-4,https://pcmap.place.naver.com/place/31542967,고기
달인수제한방족발 용산본점,청파동,막국수(소),7000.0,서울 용산구 청파동3가 84-4,https://pcmap.place.naver.com/place/31542967,"밀, 고기"
달인수제한방족발 용산본점,청파동,막국수(대),10000.0,서울 용산구 청파동3가 84-4,https://pcmap.place.naver.com/place/31542967,밀
달인수제한방족발 용산본점,청파동,고기녹두전,9000.0,서울 용산구 청파동3가 84-4,https://pcmap.place.naver.com/place/31542967,달걀
달인수제한방족발 용산본점,청파동,골뱅이소면,12000.0,서울 용산구 청파동3가 84-4,https://pcmap.place.naver.com/place/31542967,"밀, 고기"
달인수제한방족발 용산본점,청파동,주먹밥,5000.0,서울 용산구 청파동3가 84-4,https://pcmap.place.naver.com/place/31542967,없음
달인수제한방족발 용산본점,청파동,매운족발 미니,12000.0,서울 용산구 청파동3가 84-4,https://pcmap.place.naver.com/place/31542967,고기
달인수제한방족발 용산본점,청파동,냉묵사발,6000.0,서울 용산구 청파동3가 84-4,https://pcmap.place.naver.com/place/31542967,땅콩/대두
달인수제한방족발 용산본점,청파동,잔치국수,7000.0,서울 용산구 청파동3가 84-4,https://pcmap.place.naver.com/place/31542967,밀
달인수제한방족발 용산본점,청파동,미니족발 포장판매,15000.0,서울 용산구 청파동3가 84-4,https://pcmap.place.naver.com/place/31542967,고기
바다잔치,청파동,활어모듬 대,80000.0,서울 용산구 청파동1가 140-2,https://pcmap.place.naver.com/place/18135585,없음
바다잔치,청파동,활어모듬 중,60000.0,서울 용산구 청파동1가 140-2,https://pcmap.place.naver.com/place/18135585,없음
바다잔치,청파동,광어 대,70000.0,서울 용산구 청파동1가 140-2,https://pcmap.place.naver.com/place/18135585,없음
바다잔치,청파동,광어 중,50000.0,서울 용산구 청파동1가 140-2,https://pcmap.place.naver.com/place/18135585,없음
바다잔치,청파동,우럭 대,60000.0,서울 용산구 청파동1가 140-2,https://pcmap.place.naver.com/place/18135585,없음
바다잔치,청파동,우럭 중,40000.0,서울 용산구 청파동1가 140-2,https://pcmap.place.naver.com/place/18135585,없음
바다잔치,청파동,놀래미,55000.0,서울 용산구 청파동1가 140-2,https://pcmap.place.naver.com/place/18135585,없음
바다잔치,청파동,농어,60000.0,서울 용산구 청파동1가 140-2,https://pcmap.place.naver.com/place/18135585,없음
바다잔치,청파동,도다리/멍게/해삼/감성돔/참돔,70000.0,서울 용산구 청파동1가 140-2,https://pcmap.place.naver.com/place/18135585,갑각류
바다잔치,청파동,해물볶음,35000.0,서울 용산구 청파동1가 140-2,https://pcmap.place.naver.com/place/18135585,없음
바다잔치,청파동,낙지,30000.0,서울 용산구 청파동1가 140-2,https://pcmap.place.naver.com/place/18135585,없음
달볶이 숙명여대점,청파동,튀김세트,8000.0,서울 용산구 청파동2가 55-9,https://pcmap.place.naver.com/place/11822204,밀
달볶이 숙명여대점,청파동,순대세트,9000.0,서울 용산구 청파동2가 55-9,https://pcmap.place.naver.com/place/11822204,고기
달볶이 숙명여대점,청파동,김밥세트,8500.0,서울 용산구 청파동2가 55-9,https://pcmap.place.naver.com/place/11822204,달걀
달볶이 숙명여대점,청파동,어묵세트,8000.0,서울 용산구 청파동2가 55-9,https://pcmap.place.naver.com/place/11822204,"밀, 땅콩/대두"
달볶이 숙명여대점,청파동,떡볶이,7000.0,서울 용산구 청파동2가 55-9,https://pcmap.place.naver.com/place/11822204,밀
달볶이 숙명여대점,청파동,순대,6000.0,서울 용산구 청파동2가 55-9,https://pcmap.place.naver.com/place/11822204,고기
달볶이 숙명여대점,청파동,튀김,6000.0,서울 용산구 청파동2가 55-9,https://pcmap.place.naver.com/place/11822204,밀
달볶이 숙명여대점,청파동,어묵,5000.0,서울 용산구 청파동2가 55-9,https://pcmap.place.naver.com/place/11822204,"밀, 땅콩/대두"
달볶이 숙명여대점,청파동,꼬마김밥,4500.0,서울 용산구 청파동2가 55-9,https://pcmap.place.naver.com/place/11822204,달걀
달볶이 숙명여대점,청파동,어묵튀김 5개,5000.0,서울 용산구 청파동2가 55-9,https://pcmap.place.naver.com/place/11822204,"밀, 땅콩/대두"
달볶이 숙명여대점,청파동,오징어튀김 1개,2000.0,서울 용산구 청파동2가 55-9,https://pcmap.place.naver.com/place/11822204,밀
남영역찹쌀잉어빵,청파동,잉어빵 3마리,4000.0,서울 용산구 청파동3가 12-4,https://pcmap.place.naver.com/place/1033235457,밀
다이빙룸,청파동,레드라구 파스타,15000.0,서울 용산구 청파동3가 90-4,https://pcmap.place.naver.com/place/1202589603,밀
다이빙룸,청파동,치킨 스테이크,16000.0,서울 용산구 청파동3가 90-4,https://pcmap.place.naver.com/place/1202589603,고기
다이빙룸,청파동,비프 큐브 스테이크,18000.0,서울 용산구 청파동3가 90-4,https://pcmap.place.naver.com/place/1202589603,고기
다이빙룸,청파동,머쉬룸 파스타,14000.0,서울 용산구 청파동3가 90-4,https://pcmap.place.naver.com/place/1202589603,밀
다이빙룸,청파동,바질 페스토 파스타,13500.0,서울 용산구 청파동3가 90-4,https://pcmap.place.naver.com/place/1202589603,밀
다이빙룸,청파동,봉골레 파스타,14000.0,서울 용산구 청파동3가 90-4,https://pcmap.place.naver.com/place/1202589603,밀
다이빙룸,청파동,감바스 알 아히요,18000.0,서울 용산구 청파동3가 90-4,https://pcmap.place.naver.com/place/1202589603,갑각류
다이빙룸,청파동,치즈퐁듀칩스,8000.0,서울 용산구 청파동3가 90-4,https://pcmap.place.naver.com/place/1202589603,우유
다이빙룸,청파동,레드라구 칩스,8000.0,서울 용산구 청파동3가 90-4,https://pcmap.place.naver.com/place/1202589603,없음
다이빙룸,청파동,페퍼로니 칩스,8000.0,서울 용산구 청파동3가 90-4,https://pcmap.place.naver.com/place/1202589603,없음
다이빙룸,청파동,스텔라 생맥주,7000.0,서울 용산구 청파동3가 90-4,https://pcmap.place.naver.com/place/1202589603,없음
다이빙룸,청파동,유자/자몽 하이볼,7000.0,서울 용산구 청파동3가 90-4,https://pcmap.place.naver.com/place/1202589603,없음
동아냉면 숙대2호점,청파동,만두,5000.0,서울 용산구 청파동3가 24-24,https://pcmap.place.naver.com/place/33878557,밀
동아냉면 숙대2호점,청파동,물냉면,8500.0,서울 용산구 청파동3가 24-24,https://pcmap.place.naver.com/place/33878557,밀
동아냉면 숙대2호점,청파동,비빔냉면,9000.0,서울 용산구 청파동3가 24-24,https://pcmap.place.naver.com/place/33878557,밀
베나레스 숙대점,청파동,버터치킨,18000.0,서울 용산구 청파동2가 76-2,https://pcmap.place.naver.com/place/20510788,"고기, 우유"
베나레스 숙대점,청파동,치킨티카마살라,17000.0,서울 용산구 청파동2가 76-2,https://pcmap.place.naver.com/place/20510788,고기
베나레스 숙대점,청파동,램 빈달루,20000.0,서울 용산구 청파동2가 76-2,https://pcmap.place.naver.com/place/20510788,고기
베나레스 숙대점,청파동,탄두리 치킨 비리야니,17000.0,서울 용산구 청파동2가 76-2,https://pcmap.place.naver.com/place/20510788,고기
베나레스 숙대점,청파동,탄두리 치킨(half),10000.0,서울 용산구 청파동2가 76-2,https://pcmap.place.naver.com/place/20510788,고기
베나레스 숙대점,청파동,마늘난,3000.0,서울 용산구 청파동2가 76-2,https://pcmap.place.naver.com/place/20510788,없음
베나레스 숙대점,청파동,버터난,3000.0,서울 용산구 청파동2가 76-2,https://pcmap.place.naver.com/place/20510788,우유
베나레스 숙대점,청파동,플레인 난,2500.0,서울 용산구 청파동2가 76-2,https://pcmap.place.naver.com/place/20510788,없음
베나레스 숙대점,청파동,샐러드 크림 프라타,3500.0,서울 용산구 청파동2가 76-2,https://pcmap.place.naver.com/place/20510788,우유
레이브피자,청파동,슈퍼 레이브(S),18000.0,서울 용산구 청파동3가 102,https://pcmap.place.naver.com/place/1420182118,없음
레이브피자,청파동,클램 차우더 스프,6000.0,서울 용산구 청파동3가 102,https://pcmap.place.naver.com/place/1420182118,"고기, 우유"
레이브피자,청파동,치즈 피자(S),15000.0,서울 용산구 청파동3가 102,https://pcmap.place.naver.com/place/1420182118,"밀, 우유"
레이브피자,청파동,바질 마스카포네(S),16000.0,서울 용산구 청파동3가 102,https://pcmap.place.naver.com/place/1420182118,우유
레이브피자,청파동,치즈 엑스터시(S),17000.0,서울 용산구 청파동3가 102,https://pcmap.place.naver.com/place/1420182118,우유
레이브피자,청파동,애시드쉬림프 피자(S),18000.0,서울 용산구 청파동3가 102,https://pcmap.place.naver.com/place/1420182118,"갑각류, 밀"
레이브피자,청파동,누 레이브 피자(S),17500.0,서울 용산구 청파동3가 102,https://pcmap.place.naver.com/place/1420182118,밀
레이브피자,청파동,마가리따 피자(S),15000.0,서울 용산구 청파동3가 102,https://pcmap.place.naver.com/place/1420182118,밀
레이브피자,청파동,페퍼로니 피자(S),16000.0,서울 용산구 청파동3가 102,https://pcmap.place.naver.com/place/1420182118,밀
레이브피자,청파동,하와이안 피자(S),16000.0,서울 용산구 청파동3가 102,https://pcmap.place.naver.com/place/1420182118,밀
레이브피자,청파동,더블 치즈 베이컨(S),17000.0,서울 용산구 청파동3가 102,https://pcmap.place.naver.com/place/1420182118,"고기, 우유"
교촌치킨 숙대점,청파동,교촌싱글윙,7000.0,서울 용산구 청파동2가 90-11,https://pcmap.place.naver.com/place/1805379721,고기
교촌치킨 숙대점,청파동,레드싱글윙,7500.0,서울 용산구 청파동2가 90-11,https://pcmap.place.naver.com/place/1805379721,고기
교촌치킨 숙대점,청파동,교촌옥수수통안심 떡볶이세트,13000.0,서울 용산구 청파동2가 90-11,https://pcmap.place.naver.com/place/1805379721,"밀, 고기"
교촌치킨 숙대점,청파동,교촌오리지날(한마리),18000.0,서울 용산구 청파동2가 90-11,https://pcmap.place.naver.com/place/1805379721,없음
교촌치킨 숙대점,청파동,레드윙박스,20000.0,서울 용산구 청파동2가 90-11,https://pcmap.place.naver.com/place/1805379721,고기
교촌치킨 숙대점,청파동,허니윙박스,20000.0,서울 용산구 청파동2가 90-11,https://pcmap.place.naver.com/place/1805379721,고기
교촌치킨 숙대점,청파동,후라이드윙박스,19000.0,서울 용산구 청파동2가 90-11,https://pcmap.place.naver.com/place/1805379721,고기
교촌치킨 숙대점,청파동,양념치킨윙박스,20000.0,서울 용산구 청파동2가 90-11,https://pcmap.place.naver.com/place/1805379721,고기
교촌치킨 숙대점,청파동,허니오리지날(한마리),19000.0,서울 용산구 청파동2가 90-11,https://pcmap.place.naver.com/place/1805379721,없음
교촌치킨 숙대점,청파동,교촌후라이드,18000.0,서울 용산구 청파동2가 90-11,https://pcmap.place.naver.com/place/1805379721,고기
교촌치킨 숙대점,청파동,교촌양념치킨,19000.0,서울 용산구 청파동2가 90-11,https://pcmap.place.naver.com/place/1805379721,고기
교촌치킨 숙대점,청파동,반반오리지날치킨(한마리),19000.0,서울 용산구 청파동2가 90-11,https://pcmap.place.naver.com/place/1805379721,고기
교촌치킨 숙대점,청파동,허니순살치킨,17000.0,서울 용산구 청파동2가 90-11,https://pcmap.place.naver.com/place/1805379721,고기
교촌치킨 숙대점,청파동,달걀듬뿍볶음밥,5000.0,서울 용산구 청파동2가 90-11,https://pcmap.place.naver.com/place/1805379721,달걀
츄르츄르라멘,청파동,츄라멘,9000.0,서울 용산구 청파동3가 104,https://pcmap.place.naver.com/place/1116654116,밀
츄르츄르라멘,청파동,차슈멘(2장),10000.0,서울 용산구 청파동3가 104,https://pcmap.place.naver.com/place/1116654116,고기
츄르츄르라멘,청파동,차슈멘(4장),12000.0,서울 용산구 청파동3가 104,https://pcmap.place.naver.com/place/1116654116,고기
츄르츄르라멘,청파동,연어스시 10P,15000.0,서울 용산구 청파동3가 104,https://pcmap.place.naver.com/place/1116654116,없음
츄르츄르라멘,청파동,신츄라멘,9500.0,서울 용산구 청파동3가 104,https://pcmap.place.naver.com/place/1116654116,밀
츄르츄르라멘,청파동,신차슈멘(2),11000.0,서울 용산구 청파동3가 104,https://pcmap.place.naver.com/place/1116654116,고기
츄르츄르라멘,청파동,신차슈멘(4)장,13000.0,서울 용산구 청파동3가 104,https://pcmap.place.naver.com/place/1116654116,고기
상록수,청파동,상록수연탄모둠,25000.0,서울 용산구 청파동2가 99-2,https://pcmap.place.naver.com/place/1090397990,없음
상록수,청파동,연탄파불고기,15000.0,서울 용산구 청파동2가 99-2,https://pcmap.place.naver.com/place/1090397990,고기
상록수,청파동,황지살,14000.0,서울 용산구 청파동2가 99-2,https://pcmap.place.naver.com/place/1090397990,없음
상록수,청파동,꽈배기생오겹,16000.0,서울 용산구 청파동2가 99-2,https://pcmap.place.naver.com/place/1090397990,고기
상록수,청파동,비빔수제비,9000.0,서울 용산구 청파동2가 99-2,https://pcmap.place.naver.com/place/1090397990,밀
상록수,청파동,역할맥st짜빠구리,11000.0,서울 용산구 청파동2가 99-2,https://pcmap.place.naver.com/place/1090397990,밀
상록수,청파동,시골청국장,9000.0,서울 용산구 청파동2가 99-2,https://pcmap.place.naver.com/place/1090397990,땅콩/대두
상록수,청파동,깍둑목살,15000.0,서울 용산구 청파동2가 99-2,https://pcmap.place.naver.com/place/1090397990,고기
상록수,청파동,생갈매기살,16000.0,서울 용산구 청파동2가 99-2,https://pcmap.place.naver.com/place/1090397990,고기
상록수,청파동,오이지냉국수,8000.0,서울 용산구 청파동2가 99-2,https://pcmap.place.naver.com/place/1090397990,밀
포36거리 숙대점,청파동,히레가스(안심),9000.0,서울 용산구 청파동2가 64-28,https://pcmap.place.naver.com/place/39402518,"밀, 고기"
포36거리 숙대점,청파동,포돈정식(양지 쌀국수+히레가스1줄),13000.0,서울 용산구 청파동2가 64-28,https://pcmap.place.naver.com/place/39402518,"밀, 고기"
포36거리 숙대점,청파동,감자말이 새우롤4pcs,7000.0,서울 용산구 청파동2가 64-28,https://pcmap.place.naver.com/place/39402518,갑각류
포36거리 숙대점,청파동,칠리소스 닭어깨튀김4pcs,8000.0,서울 용산구 청파동2가 64-28,https://pcmap.place.naver.com/place/39402518,"밀, 고기"
포36거리 숙대점,청파동,새우춘권4pcs,6000.0,서울 용산구 청파동2가 64-28,https://pcmap.place.naver.com/place/39402518,갑각류
동대문엽기떡볶이 숙대입구점,청파동,엽기떡볶이,12000.0,서울 용산구 청파동3가 24-45,https://pcmap.place.naver.com/place/20288082,밀
동대문엽기떡볶이 숙대입구점,청파동,마라떡볶이,13000.0,서울 용산구 청파동3가 24-45,https://pcmap.place.naver.com/place/20288082,밀
동대문엽기떡볶이 숙대입구점,청파동,마라로제떡볶이,14000.0,서울 용산구 청파동3가 24-45,https://pcmap.place.naver.com/place/20288082,"밀, 우유"
동대문엽기떡볶이 숙대입구점,청파동,엽기닭볶음탕,17000.0,서울 용산구 청파동3가 24-45,https://pcmap.place.naver.com/place/20288082,고기
동대문엽기떡볶이 숙대입구점,청파동,2인엽기떡볶이,23000.0,서울 용산구 청파동3가 24-45,https://pcmap.place.naver.com/place/20288082,밀
동대문엽기떡볶이 숙대입구점,청파동,엽기밀키트(오리지널/착한맛),15000.0,서울 용산구 청파동3가 24-45,https://pcmap.place.naver.com/place/20288082,없음
동대문엽기떡볶이 숙대입구점,청파동,로제밀키트(오리지널/착한맛),16000.0,서울 용산구 청파동3가 24-45,https://pcmap.place.naver.com/place/20288082,"밀, 우유"
동대문엽기떡볶이 숙대입구점,청파동,엽기오돌뼈,12000.0,서울 용산구 청파동3가 24-45,https://pcmap.place.naver.com/place/20288082,없음
동대문엽기떡볶이 숙대입구점,청파동,엽기무뼈닭발,13000.0,서울 용산구 청파동3가 24-45,https://pcmap.place.naver.com/place/20288082,고기
동대문엽기떡볶이 숙대입구점,청파동,엽기국물닭발,13500.0,서울 용산구 청파동3가 24-45,https://pcmap.place.naver.com/place/20288082,고기
동대문엽기떡볶이 숙대입구점,청파동,닭발세트,21000.0,서울 용산구 청파동3가 24-45,https://pcmap.place.naver.com/place/20288082,고기
몽소,청파동,파니니빵,5000.0,서울 용산구 청파동2가 90-18,https://pcmap.place.naver.com/place/37564978,밀
몽소,청파동,쌀치즈카스테라,5500.0,서울 용산구 청파동2가 90-18,https://pcmap.place.naver.com/place/37564978,"밀, 우유"
몽소,청파동,샌드위치,6000.0,서울 용산구 청파동2가 90-18,https://pcmap.place.naver.com/place/37564978,밀
몽소,청파동,쪽파베이글,4500.0,서울 용산구 청파동2가 90-18,https://pcmap.place.naver.com/place/37564978,밀
몽소,청파동,통밀빵,4000.0,서울 용산구 청파동2가 90-18,https://pcmap.place.naver.com/place/37564978,밀
몽소,청파동,무화과깜빠뉴,6000.0,서울 용산구 청파동2가 90-18,https://pcmap.place.naver.com/place/37564978,없음
몽소,청파동,꿀빵,3500.0,서울 용산구 청파동2가 90-18,https://pcmap.place.naver.com/place/37564978,밀
몽소,청파동,해남고구마맛탕빵,5000.0,서울 용산구 청파동2가 90-18,https://pcmap.place.naver.com/place/37564978,밀
몽소,청파동,아메리카노 hot,4000.0,서울 용산구 청파동2가 90-18,https://pcmap.place.naver.com/place/37564978,없음
몽소,청파동,카페라떼 hot,4500.0,서울 용산구 청파동2가 90-18,https://pcmap.place.naver.com/place/37564978,우유
몽소,청파동,바닐라라떼 hot,4800.0,서울 용산구 청파동2가 90-18,https://pcmap.place.naver.com/place/37564978,우유
몽소,청파동,카푸치노 hot,4500.0,서울 용산구 청파동2가 90-18,https://pcmap.place.naver.com/place/37564978,우유
몽소,청파동,카라멜라떼 hot,5000.0,서울 용산구 청파동2가 90-18,https://pcmap.place.naver.com/place/37564978,우유
몽소,청파동,아메리카노 ice,4000.0,서울 용산구 청파동2가 90-18,https://pcmap.place.naver.com/place/37564978,없음
몽소,청파동,카페라떼 ice,4500.0,서울 용산구 청파동2가 90-18,https://pcmap.place.naver.com/place/37564978,우유
네코노스시 숙대점,청파동,네코스시,10000.0,서울 용산구 청파동2가 67-2,https://pcmap.place.naver.com/place/1053376088,없음
네코노스시 숙대점,청파동,모듬초밥,12000.0,서울 용산구 청파동2가 67-2,https://pcmap.place.naver.com/place/1053376088,없음
네코노스시 숙대점,청파동,치킨가라아게,8000.0,서울 용산구 청파동2가 67-2,https://pcmap.place.naver.com/place/1053376088,"갑각류, 고기"
네코노스시 숙대점,청파동,활어초밥,13000.0,서울 용산구 청파동2가 67-2,https://pcmap.place.naver.com/place/1053376088,없음
네코노스시 숙대점,청파동,연어초밥,11000.0,서울 용산구 청파동2가 67-2,https://pcmap.place.naver.com/place/1053376088,없음
네코노스시 숙대점,청파동,카라동,9500.0,서울 용산구 청파동2가 67-2,https://pcmap.place.naver.com/place/1053376088,밀
네코노스시 숙대점,청파동,연어동,10000.0,서울 용산구 청파동2가 67-2,https://pcmap.place.naver.com/place/1053376088,밀
네코노스시 숙대점,청파동,네코동,11000.0,서울 용산구 청파동2가 67-2,https://pcmap.place.naver.com/place/1053376088,밀
포라임 숙대점,청파동,차돌양지쌀국수+에그롤1+고구마롤2,12000.0,서울 용산구 청파동2가 55-1,https://pcmap.place.naver.com/place/33141786,"달걀, 밀, 고기"
포라임 숙대점,청파동,차돌양지쌀국수+가라아게2+고구마롤1,12000.0,서울 용산구 청파동2가 55-1,https://pcmap.place.naver.com/place/33141786,"갑각류, 밀, 고기"
포라임 숙대점,청파동,차돌양지쌀국수+짜조2+고구마롤1,12000.0,서울 용산구 청파동2가 55-1,https://pcmap.place.naver.com/place/33141786,"밀, 고기"
포라임 숙대점,청파동,차돌양지쌀국수+스프링롤2+고구마롤1,12000.0,서울 용산구 청파동2가 55-1,https://pcmap.place.naver.com/place/33141786,"밀, 고기, 우유"
포라임 숙대점,청파동,차돌양지쌀국수+직화불고기덮밥,13000.0,서울 용산구 청파동2가 55-1,https://pcmap.place.naver.com/place/33141786,"밀, 고기"
포라임 숙대점,청파동,차돌양지쌀국수+꿔이1+연유,11500.0,서울 용산구 청파동2가 55-1,https://pcmap.place.naver.com/place/33141786,"밀, 고기, 우유"
포라임 숙대점,청파동,차돌양지쌀국수+돈까스(1/2)세트,12500.0,서울 용산구 청파동2가 55-1,https://pcmap.place.naver.com/place/33141786,"밀, 고기"
포라임 숙대점,청파동,직화불고기덮밥+쌀국수 2인 세트,15000.0,서울 용산구 청파동2가 55-1,https://pcmap.place.naver.com/place/33141786,"밀, 고기"
포라임 숙대점,청파동,파인애플새우볶음밥+쌀국수 2인 세트,15000.0,서울 용산구 청파동2가 55-1,https://pcmap.place.naver.com/place/33141786,"갑각류, 밀"
포라임 숙대점,청파동,노미트 쌀국수,9500.0,서울 용산구 청파동2가 55-1,https://pcmap.place.naver.com/place/33141786,밀
포라임 숙대점,청파동,(담백)양지쌀국수,10000.0,서울 용산구 청파동2가 55-1,https://pcmap.place.naver.com/place/33141786,밀
포라임 숙대점,청파동,(숙취해소)얼큰소고기쌀국수,10500.0,서울 용산구 청파동2가 55-1,https://pcmap.place.naver.com/place/33141786,"밀, 고기"
포라임 숙대점,청파동,(보양)차돌양지쌀국수,11000.0,서울 용산구 청파동2가 55-1,https://pcmap.place.naver.com/place/33141786,"밀, 고기"
포라임 숙대점,청파동,(불맛)직화불고기쌀국수,11000.0,서울 용산구 청파동2가 55-1,https://pcmap.place.naver.com/place/33141786,"밀, 고기"
포라임 숙대점,청파동,(쫄깃)곱창힘줄쌀국수,11500.0,서울 용산구 청파동2가 55-1,https://pcmap.place.naver.com/place/33141786,"밀, 고기"
라리에또 숙대점,청파동,리코타샐러드,9500.0,서울 용산구 청파동2가 60-1,https://pcmap.place.naver.com/place/13311230,우유
라리에또 숙대점,청파동,아라비아따 펜네,11000.0,서울 용산구 청파동2가 60-1,https://pcmap.place.naver.com/place/13311230,없음
라리에또 숙대점,청파동,토마토 조개 스파게티,12000.0,서울 용산구 청파동2가 60-1,https://pcmap.place.naver.com/place/13311230,"갑각류, 밀"
라리에또 숙대점,청파동,마일드 토마토 새우 스파게티,12500.0,서울 용산구 청파동2가 60-1,https://pcmap.place.naver.com/place/13311230,"갑각류, 밀"
라리에또 숙대점,청파동,치킨 토마토 스파게티,12000.0,서울 용산구 청파동2가 60-1,https://pcmap.place.naver.com/place/13311230,"갑각류, 밀, 고기"
라리에또 숙대점,청파동,토마토 크림치즈 펜네,11500.0,서울 용산구 청파동2가 60-1,https://pcmap.place.naver.com/place/13311230,우유
육쌈냉면 숙대점,청파동,냉면+숯불고기,11000.0,서울 용산구 청파동3가 111-59,https://pcmap.place.naver.com/place/31357362,"밀, 고기"
육쌈냉면 숙대점,청파동,비빔밥+숯불고기,10500.0,서울 용산구 청파동3가 111-59,https://pcmap.place.naver.com/place/31357362,고기
육쌈냉면 숙대점,청파동,된장찌개,8000.0,서울 용산구 청파동3가 111-59,https://pcmap.place.naver.com/place/31357362,땅콩/대두
육쌈냉면 숙대점,청파동,김치찌개+숯불고기,9500.0,서울 용산구 청파동3가 111-59,https://pcmap.place.naver.com/place/31357362,고기
육쌈냉면 숙대점,청파동,고기만두,4000.0,서울 용산구 청파동3가 111-59,https://pcmap.place.naver.com/place/31357362,밀
리또리또,청파동,브리또,7000.0,서울 용산구 청파동3가 111-38,https://pcmap.place.naver.com/place/229295571,밀
숙대소반,청파동,쫄면순두부 + 돈가스,10000.0,서울 용산구 청파동3가 113-3,https://pcmap.place.naver.com/place/37392079,"달걀, 밀, 땅콩/대두"
숙대소반,청파동,쫄면순두부 + 치즈알밥,9500.0,서울 용산구 청파동3가 113-3,https://pcmap.place.naver.com/place/37392079,"밀, 땅콩/대두, 우유"
숙대소반,청파동,굴순두부,8500.0,서울 용산구 청파동3가 113-3,https://pcmap.place.naver.com/place/37392079,땅콩/대두
숙대소반,청파동,뚝제육,9000.0,서울 용산구 청파동3가 113-3,https://pcmap.place.naver.com/place/37392079,고기
숙대소반,청파동,뚝불고기,9000.0,서울 용산구 청파동3가 113-3,https://pcmap.place.naver.com/place/37392079,고기
숙대소반,청파동,부대찌개,9500.0,서울 용산구 청파동3가 113-3,https://pcmap.place.naver.com/place/37392079,밀
숙대소반,청파동,김치치즈밥,8000.0,서울 용산구 청파동3가 113-3,https://pcmap.place.naver.com/place/37392079,우유
숙대소반,청파동,돈가스,8500.0,서울 용산구 청파동3가 113-3,https://pcmap.place.naver.com/place/37392079,"달걀, 밀"
숙대소반,청파동,함박,8500.0,서울 용산구 청파동3가 113-3,https://pcmap.place.naver.com/place/37392079,고기
숙대소반,청파동,치즈알밥,7000.0,서울 용산구 청파동3가 113-3,https://pcmap.place.naver.com/place/37392079,우유
숙대소반,청파동,돈가스or함박 순두부,10000.0,서울 용산구 청파동3가 113-3,https://pcmap.place.naver.com/place/37392079,"달걀, 밀, 땅콩/대두, 고기"
한끼마끼 숙대점,청파동,반끼베스트세트,12000.0,서울 용산구 청파동2가 60-17,https://pcmap.place.naver.com/place/1166438941,없음
한끼마끼 숙대점,청파동,살몬아보카도,11000.0,서울 용산구 청파동2가 60-17,https://pcmap.place.naver.com/place/1166438941,없음
한끼마끼 숙대점,청파동,유부베스트세트,9500.0,서울 용산구 청파동2가 60-17,https://pcmap.place.naver.com/place/1166438941,땅콩/대두
한끼마끼 숙대점,청파동,살몬러버유부세트,10000.0,서울 용산구 청파동2가 60-17,https://pcmap.place.naver.com/place/1166438941,땅콩/대두
한끼마끼 숙대점,청파동,유부베이직세트,8500.0,서울 용산구 청파동2가 60-17,https://pcmap.place.naver.com/place/1166438941,땅콩/대두
한끼마끼 숙대점,청파동,내맘대로초이스세트,11000.0,서울 용산구 청파동2가 60-17,https://pcmap.place.naver.com/place/1166438941,없음
한끼마끼 숙대점,청파동,생연어유부초밥,9000.0,서울 용산구 청파동2가 60-17,https://pcmap.place.naver.com/place/1166438941,땅콩/대두
한끼마끼 숙대점,청파동,우니이쿠라유부초밥,13000.0,서울 용산구 청파동2가 60-17,https://pcmap.place.naver.com/place/1166438941,땅콩/대두
한끼마끼 숙대점,청파동,해초샐러드유부초밥,8500.0,서울 용산구 청파동2가 60-17,https://pcmap.place.naver.com/place/1166438941,땅콩/대두
한끼마끼 숙대점,청파동,허브딜치킨유부초밥,8500.0,서울 용산구 청파동2가 60-17,https://pcmap.place.naver.com/place/1166438941,"땅콩/대두, 고기"
한끼마끼 숙대점,청파동,그릴드관자유부초밥,9500.0,서울 용산구 청파동2가 60-17,https://pcmap.place.naver.com/place/1166438941,땅콩/대두
한끼마끼 숙대점,청파동,낙지탕탕유부초밥,9500.0,서울 용산구 청파동2가 60-17,https://pcmap.place.naver.com/place/1166438941,땅콩/대두
샐러디 숙명여대점,청파동,로스트닭다리살 샐러드,10000.0,서울 용산구 청파동2가 63-5,https://pcmap.place.naver.com/place/1964695450,고기
샐러디 숙명여대점,청파동,칠리베이컨 포케볼,10500.0,서울 용산구 청파동2가 63-5,https://pcmap.place.naver.com/place/1964695450,고기
샐러디 숙명여대점,청파동,멕시칸 랩 샌드위치,9500.0,서울 용산구 청파동2가 63-5,https://pcmap.place.naver.com/place/1964695450,밀
샐러디 숙명여대점,청파동,에그베이컨 샌드,8500.0,서울 용산구 청파동2가 63-5,https://pcmap.place.naver.com/place/1964695450,"달걀, 고기"
샐러디 숙명여대점,청파동,바베큐닭다리살 샌드,9500.0,서울 용산구 청파동2가 63-5,https://pcmap.place.naver.com/place/1964695450,고기
샐러디 숙명여대점,청파동,그라브락스 연어 포케볼,11000.0,서울 용산구 청파동2가 63-5,https://pcmap.place.naver.com/place/1964695450,없음
샐러디 숙명여대점,청파동,로스트삼겹 포케볼,11000.0,서울 용산구 청파동2가 63-5,https://pcmap.place.naver.com/place/1964695450,고기
샐러디 숙명여대점,청파동,탄단지 샐러드,9500.0,서울 용산구 청파동2가 63-5,https://pcmap.place.naver.com/place/1964695450,없음
샐러디 숙명여대점,청파동,콥 샐러드,10500.0,서울 용산구 청파동2가 63-5,https://pcmap.place.naver.com/place/1964695450,없음
샐러디 숙명여대점,청파동,노릇두부단호박 샐러드,9500.0,서울 용산구 청파동2가 63-5,https://pcmap.place.naver.com/place/1964695450,땅콩/대두
샐러디 숙명여대점,청파동,그라브락스 연어 파스타 누들볼,11000.0,서울 용산구 청파동2가 63-5,https://pcmap.place.naver.com/place/1964695450,밀
샐러디 숙명여대점,청파동,우삼겹메밀면 누들볼,10500.0,서울 용산구 청파동2가 63-5,https://pcmap.place.naver.com/place/1964695450,"밀, 고기"
샐러디 숙명여대점,청파동,갈빗살메밀면 누들볼,11000.0,서울 용산구 청파동2가 63-5,https://pcmap.place.naver.com/place/1964695450,밀
샐러디 숙명여대점,청파동,우삼겹 포케볼,10500.0,서울 용산구 청파동2가 63-5,https://pcmap.place.naver.com/place/1964695450,고기
샐러디 숙명여대점,청파동,바베큐닭다리살 포케볼,10500.0,서울 용산구 청파동2가 63-5,https://pcmap.place.naver.com/place/1964695450,고기
샐러디 숙명여대점,청파동,더블 닭다리살 박스(도시락),11000.0,서울 용산구 청파동2가 63-5,https://pcmap.place.naver.com/place/1964695450,고기
샐러디 숙명여대점,청파동,더블 치킨 파스타 박스(도시락),11500.0,서울 용산구 청파동2가 63-5,https://pcmap.place.naver.com/place/1964695450,"밀, 고기"
샐러디 숙명여대점,청파동,더블 비프 박스(도시락),12000.0,서울 용산구 청파동2가 63-5,https://pcmap.place.naver.com/place/1964695450,없음
샐러디 숙명여대점,청파동,더블 삼겹 박스(도시락),12000.0,서울 용산구 청파동2가 63-5,https://pcmap.place.naver.com/place/1964695450,고기
샐러디 숙명여대점,청파동,에그마요 샌드,8500.0,서울 용산구 청파동2가 63-5,https://pcmap.place.naver.com/place/1964695450,달걀
샐러디 숙명여대점,청파동,치킨토마토 샌드,9500.0,서울 용산구 청파동2가 63-5,https://pcmap.place.naver.com/place/1964695450,고기
샐러디 숙명여대점,청파동,바베큐닭다리살 샌드,9500.0,서울 용산구 청파동2가 63-5,https://pcmap.place.naver.com/place/1964695450,고기
샐러디 숙명여대점,청파동,에그마요 랩 샌드위치,8500.0,서울 용산구 청파동2가 63-5,https://pcmap.place.naver.com/place/1964695450,"달걀, 밀"
샐러디 숙명여대점,청파동,멕시칸 랩 샌드위치,9000.0,서울 용산구 청파동2가 63-5,https://pcmap.place.naver.com/place/1964695450,밀
샐러디 숙명여대점,청파동,시저치킨 랩 샌드위치,9500.0,서울 용산구 청파동2가 63-5,https://pcmap.place.naver.com/place/1964695450,"밀, 고기"
샐러디 숙명여대점,청파동,그라브락스 연어 랩 샌드위치,9500.0,서울 용산구 청파동2가 63-5,https://pcmap.place.naver.com/place/1964695450,밀
샐러디 숙명여대점,청파동,로스트닭다리살 랩 샌드위치,9500.0,서울 용산구 청파동2가 63-5,https://pcmap.place.naver.com/place/1964695450,"밀, 고기"
샐러디 숙명여대점,청파동,마이 샐러디(채소볼),9000.0,서울 용산구 청파동2가 63-5,https://pcmap.place.naver.com/place/1964695450,고기
샐러디 숙명여대점,청파동,마이 샐러디(포케볼),9500.0,서울 용산구 청파동2가 63-5,https://pcmap.place.naver.com/place/1964695450,없음
샐러디 숙명여대점,청파동,마이 샐러디(메밀면볼),9500.0,서울 용산구 청파동2가 63-5,https://pcmap.place.naver.com/place/1964695450,밀
샐러디 숙명여대점,청파동,마이 샐러디(바질파스타볼),10000.0,서울 용산구 청파동2가 63-5,https://pcmap.place.naver.com/place/1964695450,밀
샐러디 숙명여대점,청파동,양송이 크림스프,4500.0,서울 용산구 청파동2가 63-5,https://pcmap.place.naver.com/place/1964695450,우유
샐러디 숙명여대점,청파동,단호박 크림스프,4500.0,서울 용산구 청파동2가 63-5,https://pcmap.place.naver.com/place/1964695450,우유
샐러디 숙명여대점,청파동,치킨토마토 스튜,6500.0,서울 용산구 청파동2가 63-5,https://pcmap.place.naver.com/place/1964695450,"고기, 우유"
샐러디 숙명여대점,청파동,포테이토 크림스프,4500.0,서울 용산구 청파동2가 63-5,https://pcmap.place.naver.com/place/1964695450,우유
키토리,청파동,키토리 김밥,4500.0,서울 용산구 청파동3가 109-30,https://pcmap.place.naver.com/place/1775521249,달걀
키토리,청파동,야채 듬뿍 샐러드 키토김밥,5000.0,서울 용산구 청파동3가 109-30,https://pcmap.place.naver.com/place/1775521249,달걀
키토리,청파동,와사비마요 참치 키토김밥,5000.0,서울 용산구 청파동3가 109-30,https://pcmap.place.naver.com/place/1775521249,달걀
키토리,청파동,새우튀김 키토김밥,5500.0,서울 용산구 청파동3가 109-30,https://pcmap.place.naver.com/place/1775521249,"달걀, 갑각류, 밀"
키토리,청파동,수제닭강정M,9000.0,서울 용산구 청파동3가 109-30,https://pcmap.place.naver.com/place/1775521249,고기
키토리,청파동,수제닭강정L,13000.0,서울 용산구 청파동3가 109-30,https://pcmap.place.naver.com/place/1775521249,고기
마시앤바시,청파동,백김치 크림 파스타,11000.0,서울 용산구 청파동3가 109-16,https://pcmap.place.naver.com/place/385441394,"밀, 우유"
마시앤바시,청파동,시금치 크림 파스타,11000.0,서울 용산구 청파동3가 109-16,https://pcmap.place.naver.com/place/385441394,"밀, 우유"
마시앤바시,청파동,차이나치킨,9000.0,서울 용산구 청파동3가 109-16,https://pcmap.place.naver.com/place/385441394,고기
또와또 본점,청파동,또와떡불,8000.0,서울 용산구 청파동3가 111-23,https://pcmap.place.naver.com/place/21719367,밀
또와또 본점,청파동,버섯떡불,8500.0,서울 용산구 청파동3가 111-23,https://pcmap.place.naver.com/place/21719367,밀
또와또 본점,청파동,해물떡불,9000.0,서울 용산구 청파동3가 111-23,https://pcmap.place.naver.com/place/21719367,밀
또와또 본점,청파동,모듬떡불,9500.0,서울 용산구 청파동3가 111-23,https://pcmap.place.naver.com/place/21719367,밀
또와또 본점,청파동,야채즉석떡볶이,8000.0,서울 용산구 청파동3가 111-23,https://pcmap.place.naver.com/place/21719367,밀
또와또 본점,청파동,치즈즉석떡볶이,8500.0,서울 용산구 청파동3가 111-23,https://pcmap.place.naver.com/place/21719367,"밀, 우유"
또와또 본점,청파동,불고기즉석떡볶이,8500.0,서울 용산구 청파동3가 111-23,https://pcmap.place.naver.com/place/21719367,"밀, 고기"
또와또 본점,청파동,해물즉석떡볶이,9000.0,서울 용산구 청파동3가 111-23,https://pcmap.place.naver.com/place/21719367,밀
또와또 본점,청파동,모듬즉석떡볶이,9500.0,서울 용산구 청파동3가 111-23,https://pcmap.place.naver.com/place/21719367,밀
또와또 본점,청파동,모듬스페셜즉석떡볶이,10000.0,서울 용산구 청파동3가 111-23,https://pcmap.place.naver.com/place/21719367,밀
비일,청파동,All day,15000.0,서울 용산구 청파동2가 71-74,https://pcmap.place.naver.com/place/1824409156,없음
비일,청파동,Dinner,25000.0,서울 용산구 청파동2가 71-74,https://pcmap.place.naver.com/place/1824409156,없음
탕화쿵푸마라탕 숙대점,청파동,마라탕,10000.0,서울 용산구 청파동2가 63-21,https://pcmap.place.naver.com/place/1541398664,밀
탕화쿵푸마라탕 숙대점,청파동,마라샹궈,12000.0,서울 용산구 청파동2가 63-21,https://pcmap.place.naver.com/place/1541398664,없음
탕화쿵푸마라탕 숙대점,청파동,꿔바로우小,8000.0,서울 용산구 청파동2가 63-21,https://pcmap.place.naver.com/place/1541398664,밀
탕화쿵푸마라탕 숙대점,청파동,꿔바로우大,13000.0,서울 용산구 청파동2가 63-21,https://pcmap.place.naver.com/place/1541398664,밀
춘리마라탕 숙대점,청파동,셀프 마라탕,9000.0,서울 용산구 청파동3가 26-15,https://pcmap.place.naver.com/place/1057601793,밀
춘리마라탕 숙대점,청파동,불맛 일품 마라샹궈,21000.0,서울 용산구 청파동3가 26-15,https://pcmap.place.naver.com/place/1057601793,없음
타코비 숙명여대점,청파동,타코야키 오리지널(7/10/15알),6000.0,서울 용산구 청파동2가 71-40,https://pcmap.place.naver.com/place/729583733,밀
타코비 숙명여대점,청파동,갈릭치즈 타코야키(7/10/15알),7000.0,서울 용산구 청파동2가 71-40,https://pcmap.place.naver.com/place/729583733,"밀, 우유"
타코비 숙명여대점,청파동,와사비마요 타코야키(7/10/15알),7000.0,서울 용산구 청파동2가 71-40,https://pcmap.place.naver.com/place/729583733,밀
타코비 숙명여대점,청파동,치즈맛 타코야키(7/10/15알),7000.0,서울 용산구 청파동2가 71-40,https://pcmap.place.naver.com/place/729583733,"밀, 우유"
타코비 숙명여대점,청파동,명란마요 타코야키(7/10/15알),7000.0,서울 용산구 청파동2가 71-40,https://pcmap.place.naver.com/place/729583733,밀
타코비 숙명여대점,청파동,매운맛 타코야키(7/10/15알),7000.0,서울 용산구 청파동2가 71-40,https://pcmap.place.naver.com/place/729583733,밀
타코비 숙명여대점,청파동,아주매운맛 타코야키(7/10/15알),7000.0,서울 용산구 청파동2가 71-40,https://pcmap.place.naver.com/place/729583733,밀
타코비 숙명여대점,청파동,매콤치즈 타코야키(7/10/15알),7000.0,서울 용산구 청파동2가 71-40,https://pcmap.place.naver.com/place/729583733,"밀, 우유"
타코비 숙명여대점,청파동,매콤갈릭 타코야키(7/10/15알),7000.0,서울 용산구 청파동2가 71-40,https://pcmap.place.naver.com/place/729583733,밀
타코비 숙명여대점,청파동,매콤명란 타코야키(7/10/15알),7000.0,서울 용산구 청파동2가 71-40,https://pcmap.place.naver.com/place/729583733,밀
홍곱창 숙명여대점,청파동,데리야끼막창,12000.0,서울 용산구 청파동3가 107-31,https://pcmap.place.naver.com/place/457840624,고기
홍곱창 숙명여대점,청파동,야채곱창,12000.0,서울 용산구 청파동3가 107-31,https://pcmap.place.naver.com/place/457840624,고기
홍곱창 숙명여대점,청파동,핵마늘막창,13000.0,서울 용산구 청파동3가 107-31,https://pcmap.place.naver.com/place/457840624,고기
홍곱창 숙명여대점,청파동,불곱창,13000.0,서울 용산구 청파동3가 107-31,https://pcmap.place.naver.com/place/457840624,고기
홍곱창 숙명여대점,청파동,순대곱창,12000.0,서울 용산구 청파동3가 107-31,https://pcmap.place.naver.com/place/457840624,고기
홍곱창 숙명여대점,청파동,알곱창,12000.0,서울 용산구 청파동3가 107-31,https://pcmap.place.naver.com/place/457840624,고기
홍곱창 숙명여대점,청파동,치즈불곱창,13000.0,서울 용산구 청파동3가 107-31,https://pcmap.place.naver.com/place/457840624,"고기, 우유"
홍곱창 숙명여대점,청파동,소금구이막창,12000.0,서울 용산구 청파동3가 107-31,https://pcmap.place.naver.com/place/457840624,고기
홍곱창 숙명여대점,청파동,양념막창,12000.0,서울 용산구 청파동3가 107-31,https://pcmap.place.naver.com/place/457840624,고기
홍곱창 숙명여대점,청파동,불막창,13000.0,서울 용산구 청파동3가 107-31,https://pcmap.place.naver.com/place/457840624,고기
다온베이글,청파동,솔티드 아인슈페너,5000.0,서울 용산구 청파동3가 107-44,https://pcmap.place.naver.com/place/1031687549,우유
다온베이글,청파동,프로슈토 베이글 샌드위치,7000.0,서울 용산구 청파동3가 107-44,https://pcmap.place.naver.com/place/1031687549,밀
다온베이글,청파동,수제 카이막 베이글,6000.0,서울 용산구 청파동3가 107-44,https://pcmap.place.naver.com/place/1031687549,밀
다온베이글,청파동,수제 밀크티,5000.0,서울 용산구 청파동3가 107-44,https://pcmap.place.naver.com/place/1031687549,우유
다온베이글,청파동,포테이토 치즈 베이글,5500.0,서울 용산구 청파동3가 107-44,https://pcmap.place.naver.com/place/1031687549,"밀, 우유"
다온베이글,청파동,플레인 베이글,3000.0,서울 용산구 청파동3가 107-44,https://pcmap.place.naver.com/place/1031687549,밀
다온베이글,청파동,솔티드 아인슈페너 라떼,5500.0,서울 용산구 청파동3가 107-44,https://pcmap.place.naver.com/place/1031687549,우유
다온베이글,청파동,참깨 베이글,3200.0,서울 용산구 청파동3가 107-44,https://pcmap.place.naver.com/place/1031687549,밀
다온베이글,청파동,에브리띵 베이글,3500.0,서울 용산구 청파동3가 107-44,https://pcmap.place.naver.com/place/1031687549,밀
다온베이글,청파동,바질 베이글,3500.0,서울 용산구 청파동3가 107-44,https://pcmap.place.naver.com/place/1031687549,밀
다온베이글,청파동,블루베리 베이글,3500.0,서울 용산구 청파동3가 107-44,https://pcmap.place.naver.com/place/1031687549,밀
다온베이글,청파동,초콜릿 베이글,3500.0,서울 용산구 청파동3가 107-44,https://pcmap.place.naver.com/place/1031687549,밀
다온베이글,청파동,페퍼로니 피자 베이글,4000.0,서울 용산구 청파동3가 107-44,https://pcmap.place.naver.com/place/1031687549,밀
다온베이글,청파동,초코나무숲 베이글,4000.0,서울 용산구 청파동3가 107-44,https://pcmap.place.naver.com/place/1031687549,밀
다온베이글,청파동,스윗펌킨 치즈 베이글,4500.0,서울 용산구 청파동3가 107-44,https://pcmap.place.naver.com/place/1031687549,"밀, 우유"
빨봉분식 숙명여대점,청파동,빨봉떡볶이,5000.0,서울 용산구 청파동2가 64-13,https://pcmap.place.naver.com/place/35357170,밀
빨봉분식 숙명여대점,청파동,빨봉돈까스,7000.0,서울 용산구 청파동2가 64-13,https://pcmap.place.naver.com/place/35357170,고기
빨봉분식 숙명여대점,청파동,연탄불고기덮밥,7000.0,서울 용산구 청파동2가 64-13,https://pcmap.place.naver.com/place/35357170,고기
빨봉분식 숙명여대점,청파동,오므라이스,6000.0,서울 용산구 청파동2가 64-13,https://pcmap.place.naver.com/place/35357170,없음
빨봉분식 숙명여대점,청파동,쫄면,5000.0,서울 용산구 청파동2가 64-13,https://pcmap.place.naver.com/place/35357170,밀
빨봉분식 숙명여대점,청파동,모듬튀김,4000.0,서울 용산구 청파동2가 64-13,https://pcmap.place.naver.com/place/35357170,밀
빨봉분식 숙명여대점,청파동,치즈떡볶이,5500.0,서울 용산구 청파동2가 64-13,https://pcmap.place.naver.com/place/35357170,"밀, 우유"
루다브레드,청파동,마롱 깜파뉴,4500.0,서울 용산구 청파동2가 55-4,https://pcmap.place.naver.com/place/1634250257,"달걀, 밀"
루다브레드,청파동,크림치즈 카페모카,4800.0,서울 용산구 청파동2가 55-4,https://pcmap.place.naver.com/place/1634250257,우유
루다브레드,청파동,슈크림 브리오슈,4500.0,서울 용산구 청파동2가 55-4,https://pcmap.place.naver.com/place/1634250257,우유
루다브레드,청파동,연유 버터 프레첼,4300.0,서울 용산구 청파동2가 55-4,https://pcmap.place.naver.com/place/1634250257,"밀, 우유"
루다브레드,청파동,크로와상샌드위치,5000.0,서울 용산구 청파동2가 55-4,https://pcmap.place.naver.com/place/1634250257,밀
루다브레드,청파동,베이글 샌드위치,5000.0,서울 용산구 청파동2가 55-4,https://pcmap.place.naver.com/place/1634250257,밀
루다브레드,청파동,치아바타샌드위치,5000.0,서울 용산구 청파동2가 55-4,https://pcmap.place.naver.com/place/1634250257,밀
루다브레드,청파동,앙버터,4500.0,서울 용산구 청파동2가 55-4,https://pcmap.place.naver.com/place/1634250257,우유
루다브레드,청파동,소금빵,3000.0,서울 용산구 청파동2가 55-4,https://pcmap.place.naver.com/place/1634250257,"밀, 고기"
먼데이피크닉,청파동,에그타르트,3200.0,서울 용산구 청파동2가 90-17,https://pcmap.place.naver.com/place/1156600106,달걀
먼데이피크닉,청파동,휘낭시에,2500.0,서울 용산구 청파동2가 90-17,https://pcmap.place.naver.com/place/1156600106,"달걀, 우유"
먼데이피크닉,청파동,수제쿠키14종,5000.0,서울 용산구 청파동2가 90-17,https://pcmap.place.naver.com/place/1156600106,"달걀, 밀"
